"observation","father_height","son_height"
1,62.5,59.5
2,62.5,59.5
3,63.5,59.5
4,63.5,59.5
5,64.5,59.5
6,64.5,59.5
7,64.5,59.5
8,64.5,59.5
9,62.5,60.5
10,62.5,60.5
11,66.5,60.5
12,66.5,60.5
13,66.5,60.5
14,66.5,60.5
15,59.5,61.5
16,60.5,61.5
17,62.5,61.5
18,62.5,61.5
19,63.5,61.5
20,63.5,61.5
21,63.5,61.5
22,63.5,61.5
23,64.5,61.5
24,65.5,61.5
25,66.5,61.5
26,66.5,61.5
27,67.5,61.5
28,67.5,61.5
29,59.5,62.5
30,60.5,62.5
31,61.5,62.5
32,61.5,62.5
33,61.5,62.5
34,61.5,62.5
35,61.5,62.5
36,61.5,62.5
37,61.5,62.5
38,61.5,62.5
39,61.5,62.5
40,62.5,62.5
41,62.5,62.5
42,62.5,62.5
43,62.5,62.5
44,62.5,62.5
45,62.5,62.5
46,62.5,62.5
47,62.5,62.5
48,62.5,62.5
49,63.5,62.5
50,63.5,62.5
51,63.5,62.5
52,63.5,62.5
53,63.5,62.5
54,63.5,62.5
55,63.5,62.5
56,63.5,62.5
57,64.5,62.5
58,64.5,62.5
59,64.5,62.5
60,64.5,62.5
61,64.5,62.5
62,64.5,62.5
63,64.5,62.5
64,64.5,62.5
65,64.5,62.5
66,64.5,62.5
67,64.5,62.5
68,64.5,62.5
69,64.5,62.5
70,64.5,62.5
71,64.5,62.5
72,64.5,62.5
73,65.5,62.5
74,65.5,62.5
75,65.5,62.5
76,65.5,62.5
77,65.5,62.5
78,65.5,62.5
79,65.5,62.5
80,65.5,62.5
81,65.5,62.5
82,65.5,62.5
83,65.5,62.5
84,65.5,62.5
85,65.5,62.5
86,65.5,62.5
87,65.5,62.5
88,65.5,62.5
89,65.5,62.5
90,65.5,62.5
91,65.5,62.5
92,65.5,62.5
93,66.5,62.5
94,66.5,62.5
95,66.5,62.5
96,66.5,62.5
97,66.5,62.5
98,66.5,62.5
99,66.5,62.5
100,66.5,62.5
101,66.5,62.5
102,66.5,62.5
103,66.5,62.5
104,67.5,62.5
105,67.5,62.5
106,67.5,62.5
107,67.5,62.5
108,67.5,62.5
109,69.5,62.5
110,70.5,62.5
111,58.5,63.5
112,58.5,63.5
113,58.5,63.5
114,58.5,63.5
115,60.5,63.5
116,60.5,63.5
117,60.5,63.5
118,60.5,63.5
119,60.5,63.5
120,60.5,63.5
121,61.5,63.5
122,61.5,63.5
123,61.5,63.5
124,61.5,63.5
125,61.5,63.5
126,61.5,63.5
127,61.5,63.5
128,61.5,63.5
129,61.5,63.5
130,61.5,63.5
131,61.5,63.5
132,61.5,63.5
133,61.5,63.5
134,61.5,63.5
135,61.5,63.5
136,62.5,63.5
137,62.5,63.5
138,62.5,63.5
139,62.5,63.5
140,62.5,63.5
141,62.5,63.5
142,62.5,63.5
143,62.5,63.5
144,62.5,63.5
145,62.5,63.5
146,62.5,63.5
147,62.5,63.5
148,63.5,63.5
149,63.5,63.5
150,63.5,63.5
151,63.5,63.5
152,63.5,63.5
153,63.5,63.5
154,63.5,63.5
155,63.5,63.5
156,63.5,63.5
157,63.5,63.5
158,63.5,63.5
159,63.5,63.5
160,63.5,63.5
161,63.5,63.5
162,63.5,63.5
163,63.5,63.5
164,63.5,63.5
165,64.5,63.5
166,64.5,63.5
167,64.5,63.5
168,64.5,63.5
169,64.5,63.5
170,64.5,63.5
171,64.5,63.5
172,64.5,63.5
173,64.5,63.5
174,64.5,63.5
175,64.5,63.5
176,64.5,63.5
177,64.5,63.5
178,64.5,63.5
179,64.5,63.5
180,64.5,63.5
181,64.5,63.5
182,64.5,63.5
183,64.5,63.5
184,64.5,63.5
185,64.5,63.5
186,64.5,63.5
187,64.5,63.5
188,64.5,63.5
189,64.5,63.5
190,64.5,63.5
191,64.5,63.5
192,64.5,63.5
193,64.5,63.5
194,64.5,63.5
195,64.5,63.5
196,64.5,63.5
197,65.5,63.5
198,65.5,63.5
199,65.5,63.5
200,65.5,63.5
201,65.5,63.5
202,65.5,63.5
203,65.5,63.5
204,65.5,63.5
205,65.5,63.5
206,65.5,63.5
207,65.5,63.5
208,65.5,63.5
209,65.5,63.5
210,65.5,63.5
211,65.5,63.5
212,65.5,63.5
213,65.5,63.5
214,65.5,63.5
215,65.5,63.5
216,65.5,63.5
217,65.5,63.5
218,65.5,63.5
219,65.5,63.5
220,65.5,63.5
221,65.5,63.5
222,65.5,63.5
223,65.5,63.5
224,65.5,63.5
225,65.5,63.5
226,65.5,63.5
227,65.5,63.5
228,65.5,63.5
229,65.5,63.5
230,65.5,63.5
231,65.5,63.5
232,65.5,63.5
233,65.5,63.5
234,66.5,63.5
235,66.5,63.5
236,66.5,63.5
237,66.5,63.5
238,66.5,63.5
239,66.5,63.5
240,66.5,63.5
241,66.5,63.5
242,66.5,63.5
243,66.5,63.5
244,66.5,63.5
245,66.5,63.5
246,67.5,63.5
247,67.5,63.5
248,67.5,63.5
249,67.5,63.5
250,67.5,63.5
251,68.5,63.5
252,68.5,63.5
253,68.5,63.5
254,68.5,63.5
255,68.5,63.5
256,68.5,63.5
257,69.5,63.5
258,69.5,63.5
259,69.5,63.5
260,70.5,63.5
261,70.5,63.5
262,70.5,63.5
263,70.5,63.5
264,70.5,63.5
265,58.5,64.5
266,58.5,64.5
267,58.5,64.5
268,58.5,64.5
269,58.5,64.5
270,58.5,64.5
271,58.5,64.5
272,58.5,64.5
273,59.5,64.5
274,59.5,64.5
275,59.5,64.5
276,59.5,64.5
277,60.5,64.5
278,60.5,64.5
279,61.5,64.5
280,61.5,64.5
281,61.5,64.5
282,61.5,64.5
283,61.5,64.5
284,61.5,64.5
285,61.5,64.5
286,61.5,64.5
287,62.5,64.5
288,62.5,64.5
289,62.5,64.5
290,62.5,64.5
291,62.5,64.5
292,62.5,64.5
293,62.5,64.5
294,62.5,64.5
295,62.5,64.5
296,62.5,64.5
297,62.5,64.5
298,62.5,64.5
299,62.5,64.5
300,63.5,64.5
301,63.5,64.5
302,63.5,64.5
303,63.5,64.5
304,63.5,64.5
305,63.5,64.5
306,63.5,64.5
307,63.5,64.5
308,63.5,64.5
309,63.5,64.5
310,63.5,64.5
311,63.5,64.5
312,63.5,64.5
313,63.5,64.5
314,63.5,64.5
315,63.5,64.5
316,63.5,64.5
317,63.5,64.5
318,63.5,64.5
319,63.5,64.5
320,63.5,64.5
321,63.5,64.5
322,63.5,64.5
323,63.5,64.5
324,63.5,64.5
325,63.5,64.5
326,63.5,64.5
327,63.5,64.5
328,63.5,64.5
329,63.5,64.5
330,63.5,64.5
331,63.5,64.5
332,63.5,64.5
333,63.5,64.5
334,63.5,64.5
335,63.5,64.5
336,63.5,64.5
337,63.5,64.5
338,64.5,64.5
339,64.5,64.5
340,64.5,64.5
341,64.5,64.5
342,64.5,64.5
343,64.5,64.5
344,64.5,64.5
345,64.5,64.5
346,64.5,64.5
347,64.5,64.5
348,64.5,64.5
349,64.5,64.5
350,64.5,64.5
351,64.5,64.5
352,64.5,64.5
353,64.5,64.5
354,64.5,64.5
355,64.5,64.5
356,64.5,64.5
357,64.5,64.5
358,64.5,64.5
359,64.5,64.5
360,64.5,64.5
361,64.5,64.5
362,64.5,64.5
363,64.5,64.5
364,64.5,64.5
365,64.5,64.5
366,64.5,64.5
367,64.5,64.5
368,64.5,64.5
369,64.5,64.5
370,64.5,64.5
371,64.5,64.5
372,64.5,64.5
373,64.5,64.5
374,64.5,64.5
375,64.5,64.5
376,64.5,64.5
377,64.5,64.5
378,64.5,64.5
379,64.5,64.5
380,64.5,64.5
381,64.5,64.5
382,64.5,64.5
383,64.5,64.5
384,64.5,64.5
385,64.5,64.5
386,64.5,64.5
387,64.5,64.5
388,64.5,64.5
389,64.5,64.5
390,64.5,64.5
391,64.5,64.5
392,65.5,64.5
393,65.5,64.5
394,65.5,64.5
395,65.5,64.5
396,65.5,64.5
397,65.5,64.5
398,65.5,64.5
399,65.5,64.5
400,65.5,64.5
401,65.5,64.5
402,65.5,64.5
403,65.5,64.5
404,65.5,64.5
405,65.5,64.5
406,65.5,64.5
407,65.5,64.5
408,65.5,64.5
409,65.5,64.5
410,65.5,64.5
411,65.5,64.5
412,65.5,64.5
413,65.5,64.5
414,65.5,64.5
415,65.5,64.5
416,65.5,64.5
417,65.5,64.5
418,65.5,64.5
419,65.5,64.5
420,65.5,64.5
421,65.5,64.5
422,65.5,64.5
423,65.5,64.5
424,65.5,64.5
425,65.5,64.5
426,65.5,64.5
427,65.5,64.5
428,65.5,64.5
429,65.5,64.5
430,65.5,64.5
431,65.5,64.5
432,65.5,64.5
433,65.5,64.5
434,65.5,64.5
435,66.5,64.5
436,66.5,64.5
437,66.5,64.5
438,66.5,64.5
439,66.5,64.5
440,66.5,64.5
441,66.5,64.5
442,66.5,64.5
443,66.5,64.5
444,66.5,64.5
445,66.5,64.5
446,66.5,64.5
447,66.5,64.5
448,66.5,64.5
449,66.5,64.5
450,66.5,64.5
451,66.5,64.5
452,66.5,64.5
453,66.5,64.5
454,66.5,64.5
455,66.5,64.5
456,66.5,64.5
457,66.5,64.5
458,66.5,64.5
459,66.5,64.5
460,66.5,64.5
461,66.5,64.5
462,66.5,64.5
463,66.5,64.5
464,66.5,64.5
465,67.5,64.5
466,67.5,64.5
467,67.5,64.5
468,67.5,64.5
469,67.5,64.5
470,67.5,64.5
471,67.5,64.5
472,67.5,64.5
473,67.5,64.5
474,67.5,64.5
475,67.5,64.5
476,67.5,64.5
477,67.5,64.5
478,67.5,64.5
479,67.5,64.5
480,67.5,64.5
481,67.5,64.5
482,67.5,64.5
483,67.5,64.5
484,67.5,64.5
485,67.5,64.5
486,67.5,64.5
487,68.5,64.5
488,68.5,64.5
489,68.5,64.5
490,68.5,64.5
491,68.5,64.5
492,68.5,64.5
493,68.5,64.5
494,68.5,64.5
495,68.5,64.5
496,68.5,64.5
497,68.5,64.5
498,68.5,64.5
499,68.5,64.5
500,68.5,64.5
501,69.5,64.5
502,69.5,64.5
503,69.5,64.5
504,69.5,64.5
505,69.5,64.5
506,69.5,64.5
507,69.5,64.5
508,69.5,64.5
509,69.5,64.5
510,69.5,64.5
511,59.5,65.5
512,59.5,65.5
513,60.5,65.5
514,60.5,65.5
515,60.5,65.5
516,60.5,65.5
517,61.5,65.5
518,61.5,65.5
519,61.5,65.5
520,61.5,65.5
521,61.5,65.5
522,61.5,65.5
523,61.5,65.5
524,61.5,65.5
525,61.5,65.5
526,62.5,65.5
527,62.5,65.5
528,62.5,65.5
529,62.5,65.5
530,62.5,65.5
531,62.5,65.5
532,62.5,65.5
533,62.5,65.5
534,62.5,65.5
535,62.5,65.5
536,62.5,65.5
537,62.5,65.5
538,62.5,65.5
539,62.5,65.5
540,62.5,65.5
541,62.5,65.5
542,62.5,65.5
543,62.5,65.5
544,62.5,65.5
545,62.5,65.5
546,62.5,65.5
547,63.5,65.5
548,63.5,65.5
549,63.5,65.5
550,63.5,65.5
551,63.5,65.5
552,63.5,65.5
553,63.5,65.5
554,63.5,65.5
555,63.5,65.5
556,63.5,65.5
557,63.5,65.5
558,63.5,65.5
559,63.5,65.5
560,63.5,65.5
561,63.5,65.5
562,63.5,65.5
563,63.5,65.5
564,63.5,65.5
565,63.5,65.5
566,63.5,65.5
567,63.5,65.5
568,63.5,65.5
569,63.5,65.5
570,63.5,65.5
571,63.5,65.5
572,63.5,65.5
573,63.5,65.5
574,63.5,65.5
575,63.5,65.5
576,63.5,65.5
577,63.5,65.5
578,63.5,65.5
579,63.5,65.5
580,63.5,65.5
581,63.5,65.5
582,63.5,65.5
583,63.5,65.5
584,63.5,65.5
585,64.5,65.5
586,64.5,65.5
587,64.5,65.5
588,64.5,65.5
589,64.5,65.5
590,64.5,65.5
591,64.5,65.5
592,64.5,65.5
593,64.5,65.5
594,64.5,65.5
595,64.5,65.5
596,64.5,65.5
597,64.5,65.5
598,64.5,65.5
599,64.5,65.5
600,64.5,65.5
601,64.5,65.5
602,64.5,65.5
603,64.5,65.5
604,64.5,65.5
605,64.5,65.5
606,64.5,65.5
607,64.5,65.5
608,64.5,65.5
609,64.5,65.5
610,64.5,65.5
611,64.5,65.5
612,64.5,65.5
613,64.5,65.5
614,64.5,65.5
615,64.5,65.5
616,64.5,65.5
617,64.5,65.5
618,64.5,65.5
619,64.5,65.5
620,64.5,65.5
621,64.5,65.5
622,64.5,65.5
623,64.5,65.5
624,64.5,65.5
625,65.5,65.5
626,65.5,65.5
627,65.5,65.5
628,65.5,65.5
629,65.5,65.5
630,65.5,65.5
631,65.5,65.5
632,65.5,65.5
633,65.5,65.5
634,65.5,65.5
635,65.5,65.5
636,65.5,65.5
637,65.5,65.5
638,65.5,65.5
639,65.5,65.5
640,65.5,65.5
641,65.5,65.5
642,65.5,65.5
643,65.5,65.5
644,65.5,65.5
645,65.5,65.5
646,65.5,65.5
647,65.5,65.5
648,65.5,65.5
649,65.5,65.5
650,65.5,65.5
651,65.5,65.5
652,65.5,65.5
653,65.5,65.5
654,65.5,65.5
655,65.5,65.5
656,65.5,65.5
657,65.5,65.5
658,65.5,65.5
659,65.5,65.5
660,65.5,65.5
661,65.5,65.5
662,65.5,65.5
663,65.5,65.5
664,65.5,65.5
665,65.5,65.5
666,65.5,65.5
667,65.5,65.5
668,65.5,65.5
669,65.5,65.5
670,65.5,65.5
671,65.5,65.5
672,65.5,65.5
673,65.5,65.5
674,65.5,65.5
675,65.5,65.5
676,65.5,65.5
677,65.5,65.5
678,65.5,65.5
679,65.5,65.5
680,65.5,65.5
681,65.5,65.5
682,65.5,65.5
683,65.5,65.5
684,65.5,65.5
685,65.5,65.5
686,65.5,65.5
687,65.5,65.5
688,65.5,65.5
689,65.5,65.5
690,65.5,65.5
691,65.5,65.5
692,66.5,65.5
693,66.5,65.5
694,66.5,65.5
695,66.5,65.5
696,66.5,65.5
697,66.5,65.5
698,66.5,65.5
699,66.5,65.5
700,66.5,65.5
701,66.5,65.5
702,66.5,65.5
703,66.5,65.5
704,66.5,65.5
705,66.5,65.5
706,66.5,65.5
707,66.5,65.5
708,66.5,65.5
709,66.5,65.5
710,66.5,65.5
711,66.5,65.5
712,66.5,65.5
713,66.5,65.5
714,66.5,65.5
715,66.5,65.5
716,66.5,65.5
717,66.5,65.5
718,66.5,65.5
719,66.5,65.5
720,66.5,65.5
721,66.5,65.5
722,66.5,65.5
723,66.5,65.5
724,66.5,65.5
725,66.5,65.5
726,66.5,65.5
727,66.5,65.5
728,66.5,65.5
729,66.5,65.5
730,66.5,65.5
731,66.5,65.5
732,66.5,65.5
733,66.5,65.5
734,66.5,65.5
735,66.5,65.5
736,66.5,65.5
737,66.5,65.5
738,66.5,65.5
739,66.5,65.5
740,66.5,65.5
741,66.5,65.5
742,66.5,65.5
743,66.5,65.5
744,66.5,65.5
745,66.5,65.5
746,66.5,65.5
747,66.5,65.5
748,66.5,65.5
749,66.5,65.5
750,66.5,65.5
751,66.5,65.5
752,66.5,65.5
753,66.5,65.5
754,66.5,65.5
755,66.5,65.5
756,66.5,65.5
757,66.5,65.5
758,66.5,65.5
759,66.5,65.5
760,66.5,65.5
761,66.5,65.5
762,67.5,65.5
763,67.5,65.5
764,67.5,65.5
765,67.5,65.5
766,67.5,65.5
767,67.5,65.5
768,67.5,65.5
769,67.5,65.5
770,67.5,65.5
771,67.5,65.5
772,67.5,65.5
773,67.5,65.5
774,67.5,65.5
775,67.5,65.5
776,67.5,65.5
777,67.5,65.5
778,67.5,65.5
779,67.5,65.5
780,67.5,65.5
781,67.5,65.5
782,67.5,65.5
783,67.5,65.5
784,67.5,65.5
785,67.5,65.5
786,67.5,65.5
787,67.5,65.5
788,67.5,65.5
789,67.5,65.5
790,67.5,65.5
791,67.5,65.5
792,67.5,65.5
793,67.5,65.5
794,67.5,65.5
795,67.5,65.5
796,67.5,65.5
797,67.5,65.5
798,67.5,65.5
799,67.5,65.5
800,67.5,65.5
801,67.5,65.5
802,67.5,65.5
803,67.5,65.5
804,67.5,65.5
805,67.5,65.5
806,67.5,65.5
807,67.5,65.5
808,67.5,65.5
809,67.5,65.5
810,67.5,65.5
811,67.5,65.5
812,67.5,65.5
813,67.5,65.5
814,67.5,65.5
815,67.5,65.5
816,67.5,65.5
817,67.5,65.5
818,67.5,65.5
819,67.5,65.5
820,67.5,65.5
821,67.5,65.5
822,67.5,65.5
823,67.5,65.5
824,67.5,65.5
825,67.5,65.5
826,68.5,65.5
827,68.5,65.5
828,68.5,65.5
829,68.5,65.5
830,68.5,65.5
831,68.5,65.5
832,68.5,65.5
833,68.5,65.5
834,68.5,65.5
835,68.5,65.5
836,68.5,65.5
837,68.5,65.5
838,68.5,65.5
839,68.5,65.5
840,68.5,65.5
841,68.5,65.5
842,68.5,65.5
843,68.5,65.5
844,68.5,65.5
845,68.5,65.5
846,68.5,65.5
847,69.5,65.5
848,69.5,65.5
849,69.5,65.5
850,69.5,65.5
851,69.5,65.5
852,69.5,65.5
853,69.5,65.5
854,69.5,65.5
855,70.5,65.5
856,70.5,65.5
857,70.5,65.5
858,70.5,65.5
859,70.5,65.5
860,70.5,65.5
861,70.5,65.5
862,70.5,65.5
863,70.5,65.5
864,70.5,65.5
865,71.5,65.5
866,71.5,65.5
867,71.5,65.5
868,71.5,65.5
869,59.5,66.5
870,59.5,66.5
871,59.5,66.5
872,59.5,66.5
873,59.5,66.5
874,59.5,66.5
875,60.5,66.5
876,60.5,66.5
877,60.5,66.5
878,60.5,66.5
879,60.5,66.5
880,60.5,66.5
881,60.5,66.5
882,60.5,66.5
883,61.5,66.5
884,61.5,66.5
885,61.5,66.5
886,61.5,66.5
887,61.5,66.5
888,61.5,66.5
889,61.5,66.5
890,61.5,66.5
891,61.5,66.5
892,61.5,66.5
893,61.5,66.5
894,61.5,66.5
895,61.5,66.5
896,61.5,66.5
897,61.5,66.5
898,61.5,66.5
899,61.5,66.5
900,61.5,66.5
901,61.5,66.5
902,62.5,66.5
903,62.5,66.5
904,62.5,66.5
905,62.5,66.5
906,62.5,66.5
907,62.5,66.5
908,62.5,66.5
909,62.5,66.5
910,62.5,66.5
911,62.5,66.5
912,62.5,66.5
913,62.5,66.5
914,62.5,66.5
915,62.5,66.5
916,63.5,66.5
917,63.5,66.5
918,63.5,66.5
919,63.5,66.5
920,63.5,66.5
921,63.5,66.5
922,63.5,66.5
923,63.5,66.5
924,63.5,66.5
925,63.5,66.5
926,63.5,66.5
927,63.5,66.5
928,63.5,66.5
929,63.5,66.5
930,63.5,66.5
931,63.5,66.5
932,63.5,66.5
933,63.5,66.5
934,63.5,66.5
935,63.5,66.5
936,63.5,66.5
937,63.5,66.5
938,63.5,66.5
939,63.5,66.5
940,63.5,66.5
941,63.5,66.5
942,63.5,66.5
943,63.5,66.5
944,63.5,66.5
945,63.5,66.5
946,63.5,66.5
947,63.5,66.5
948,63.5,66.5
949,63.5,66.5
950,63.5,66.5
951,63.5,66.5
952,63.5,66.5
953,63.5,66.5
954,63.5,66.5
955,63.5,66.5
956,63.5,66.5
957,63.5,66.5
958,63.5,66.5
959,63.5,66.5
960,63.5,66.5
961,63.5,66.5
962,63.5,66.5
963,63.5,66.5
964,63.5,66.5
965,63.5,66.5
966,63.5,66.5
967,63.5,66.5
968,63.5,66.5
969,63.5,66.5
970,63.5,66.5
971,64.5,66.5
972,64.5,66.5
973,64.5,66.5
974,64.5,66.5
975,64.5,66.5
976,64.5,66.5
977,64.5,66.5
978,64.5,66.5
979,64.5,66.5
980,64.5,66.5
981,64.5,66.5
982,64.5,66.5
983,64.5,66.5
984,64.5,66.5
985,64.5,66.5
986,64.5,66.5
987,64.5,66.5
988,64.5,66.5
989,64.5,66.5
990,64.5,66.5
991,64.5,66.5
992,64.5,66.5
993,64.5,66.5
994,64.5,66.5
995,64.5,66.5
996,64.5,66.5
997,64.5,66.5
998,64.5,66.5
999,64.5,66.5
1000,64.5,66.5
1001,64.5,66.5
1002,64.5,66.5
1003,64.5,66.5
1004,64.5,66.5
1005,64.5,66.5
1006,64.5,66.5
1007,64.5,66.5
1008,64.5,66.5
1009,64.5,66.5
1010,64.5,66.5
1011,64.5,66.5
1012,64.5,66.5
1013,64.5,66.5
1014,64.5,66.5
1015,64.5,66.5
1016,64.5,66.5
1017,64.5,66.5
1018,64.5,66.5
1019,64.5,66.5
1020,64.5,66.5
1021,64.5,66.5
1022,64.5,66.5
1023,64.5,66.5
1024,64.5,66.5
1025,64.5,66.5
1026,64.5,66.5
1027,64.5,66.5
1028,64.5,66.5
1029,64.5,66.5
1030,64.5,66.5
1031,64.5,66.5
1032,64.5,66.5
1033,64.5,66.5
1034,64.5,66.5
1035,64.5,66.5
1036,64.5,66.5
1037,64.5,66.5
1038,64.5,66.5
1039,64.5,66.5
1040,64.5,66.5
1041,64.5,66.5
1042,64.5,66.5
1043,64.5,66.5
1044,64.5,66.5
1045,64.5,66.5
1046,64.5,66.5
1047,64.5,66.5
1048,64.5,66.5
1049,64.5,66.5
1050,65.5,66.5
1051,65.5,66.5
1052,65.5,66.5
1053,65.5,66.5
1054,65.5,66.5
1055,65.5,66.5
1056,65.5,66.5
1057,65.5,66.5
1058,65.5,66.5
1059,65.5,66.5
1060,65.5,66.5
1061,65.5,66.5
1062,65.5,66.5
1063,65.5,66.5
1064,65.5,66.5
1065,65.5,66.5
1066,65.5,66.5
1067,65.5,66.5
1068,65.5,66.5
1069,65.5,66.5
1070,65.5,66.5
1071,65.5,66.5
1072,65.5,66.5
1073,65.5,66.5
1074,65.5,66.5
1075,65.5,66.5
1076,65.5,66.5
1077,65.5,66.5
1078,65.5,66.5
1079,65.5,66.5
1080,65.5,66.5
1081,65.5,66.5
1082,65.5,66.5
1083,65.5,66.5
1084,65.5,66.5
1085,65.5,66.5
1086,65.5,66.5
1087,65.5,66.5
1088,65.5,66.5
1089,65.5,66.5
1090,65.5,66.5
1091,65.5,66.5
1092,65.5,66.5
1093,65.5,66.5
1094,65.5,66.5
1095,65.5,66.5
1096,65.5,66.5
1097,65.5,66.5
1098,65.5,66.5
1099,65.5,66.5
1100,65.5,66.5
1101,65.5,66.5
1102,65.5,66.5
1103,65.5,66.5
1104,65.5,66.5
1105,65.5,66.5
1106,65.5,66.5
1107,65.5,66.5
1108,65.5,66.5
1109,65.5,66.5
1110,65.5,66.5
1111,65.5,66.5
1112,65.5,66.5
1113,65.5,66.5
1114,65.5,66.5
1115,65.5,66.5
1116,65.5,66.5
1117,65.5,66.5
1118,65.5,66.5
1119,65.5,66.5
1120,65.5,66.5
1121,65.5,66.5
1122,65.5,66.5
1123,65.5,66.5
1124,65.5,66.5
1125,65.5,66.5
1126,65.5,66.5
1127,65.5,66.5
1128,65.5,66.5
1129,65.5,66.5
1130,65.5,66.5
1131,65.5,66.5
1132,65.5,66.5
1133,65.5,66.5
1134,65.5,66.5
1135,65.5,66.5
1136,65.5,66.5
1137,65.5,66.5
1138,65.5,66.5
1139,65.5,66.5
1140,65.5,66.5
1141,65.5,66.5
1142,65.5,66.5
1143,65.5,66.5
1144,65.5,66.5
1145,65.5,66.5
1146,65.5,66.5
1147,65.5,66.5
1148,65.5,66.5
1149,65.5,66.5
1150,65.5,66.5
1151,65.5,66.5
1152,65.5,66.5
1153,65.5,66.5
1154,65.5,66.5
1155,65.5,66.5
1156,66.5,66.5
1157,66.5,66.5
1158,66.5,66.5
1159,66.5,66.5
1160,66.5,66.5
1161,66.5,66.5
1162,66.5,66.5
1163,66.5,66.5
1164,66.5,66.5
1165,66.5,66.5
1166,66.5,66.5
1167,66.5,66.5
1168,66.5,66.5
1169,66.5,66.5
1170,66.5,66.5
1171,66.5,66.5
1172,66.5,66.5
1173,66.5,66.5
1174,66.5,66.5
1175,66.5,66.5
1176,66.5,66.5
1177,66.5,66.5
1178,66.5,66.5
1179,66.5,66.5
1180,66.5,66.5
1181,66.5,66.5
1182,66.5,66.5
1183,66.5,66.5
1184,66.5,66.5
1185,66.5,66.5
1186,66.5,66.5
1187,66.5,66.5
1188,66.5,66.5
1189,66.5,66.5
1190,66.5,66.5
1191,66.5,66.5
1192,66.5,66.5
1193,66.5,66.5
1194,66.5,66.5
1195,66.5,66.5
1196,66.5,66.5
1197,66.5,66.5
1198,66.5,66.5
1199,66.5,66.5
1200,66.5,66.5
1201,66.5,66.5
1202,66.5,66.5
1203,66.5,66.5
1204,66.5,66.5
1205,66.5,66.5
1206,66.5,66.5
1207,66.5,66.5
1208,66.5,66.5
1209,66.5,66.5
1210,66.5,66.5
1211,66.5,66.5
1212,66.5,66.5
1213,66.5,66.5
1214,66.5,66.5
1215,66.5,66.5
1216,66.5,66.5
1217,66.5,66.5
1218,66.5,66.5
1219,66.5,66.5
1220,66.5,66.5
1221,66.5,66.5
1222,66.5,66.5
1223,66.5,66.5
1224,66.5,66.5
1225,66.5,66.5
1226,66.5,66.5
1227,66.5,66.5
1228,66.5,66.5
1229,66.5,66.5
1230,66.5,66.5
1231,66.5,66.5
1232,66.5,66.5
1233,66.5,66.5
1234,66.5,66.5
1235,66.5,66.5
1236,66.5,66.5
1237,66.5,66.5
1238,66.5,66.5
1239,66.5,66.5
1240,66.5,66.5
1241,66.5,66.5
1242,66.5,66.5
1243,66.5,66.5
1244,66.5,66.5
1245,66.5,66.5
1246,66.5,66.5
1247,66.5,66.5
1248,66.5,66.5
1249,66.5,66.5
1250,66.5,66.5
1251,66.5,66.5
1252,66.5,66.5
1253,66.5,66.5
1254,66.5,66.5
1255,66.5,66.5
1256,66.5,66.5
1257,66.5,66.5
1258,66.5,66.5
1259,67.5,66.5
1260,67.5,66.5
1261,67.5,66.5
1262,67.5,66.5
1263,67.5,66.5
1264,67.5,66.5
1265,67.5,66.5
1266,67.5,66.5
1267,67.5,66.5
1268,67.5,66.5
1269,67.5,66.5
1270,67.5,66.5
1271,67.5,66.5
1272,67.5,66.5
1273,67.5,66.5
1274,67.5,66.5
1275,67.5,66.5
1276,67.5,66.5
1277,67.5,66.5
1278,67.5,66.5
1279,67.5,66.5
1280,67.5,66.5
1281,67.5,66.5
1282,67.5,66.5
1283,67.5,66.5
1284,67.5,66.5
1285,67.5,66.5
1286,67.5,66.5
1287,67.5,66.5
1288,67.5,66.5
1289,67.5,66.5
1290,67.5,66.5
1291,67.5,66.5
1292,67.5,66.5
1293,67.5,66.5
1294,67.5,66.5
1295,67.5,66.5
1296,67.5,66.5
1297,67.5,66.5
1298,67.5,66.5
1299,67.5,66.5
1300,67.5,66.5
1301,67.5,66.5
1302,67.5,66.5
1303,67.5,66.5
1304,67.5,66.5
1305,67.5,66.5
1306,67.5,66.5
1307,67.5,66.5
1308,67.5,66.5
1309,67.5,66.5
1310,67.5,66.5
1311,67.5,66.5
1312,67.5,66.5
1313,67.5,66.5
1314,67.5,66.5
1315,67.5,66.5
1316,67.5,66.5
1317,67.5,66.5
1318,67.5,66.5
1319,67.5,66.5
1320,67.5,66.5
1321,67.5,66.5
1322,67.5,66.5
1323,67.5,66.5
1324,67.5,66.5
1325,67.5,66.5
1326,67.5,66.5
1327,67.5,66.5
1328,67.5,66.5
1329,67.5,66.5
1330,67.5,66.5
1331,67.5,66.5
1332,67.5,66.5
1333,67.5,66.5
1334,67.5,66.5
1335,67.5,66.5
1336,67.5,66.5
1337,68.5,66.5
1338,68.5,66.5
1339,68.5,66.5
1340,68.5,66.5
1341,68.5,66.5
1342,68.5,66.5
1343,68.5,66.5
1344,68.5,66.5
1345,68.5,66.5
1346,68.5,66.5
1347,68.5,66.5
1348,68.5,66.5
1349,68.5,66.5
1350,68.5,66.5
1351,68.5,66.5
1352,68.5,66.5
1353,68.5,66.5
1354,68.5,66.5
1355,68.5,66.5
1356,68.5,66.5
1357,68.5,66.5
1358,68.5,66.5
1359,68.5,66.5
1360,68.5,66.5
1361,68.5,66.5
1362,68.5,66.5
1363,68.5,66.5
1364,68.5,66.5
1365,68.5,66.5
1366,68.5,66.5
1367,68.5,66.5
1368,68.5,66.5
1369,68.5,66.5
1370,68.5,66.5
1371,68.5,66.5
1372,68.5,66.5
1373,68.5,66.5
1374,68.5,66.5
1375,68.5,66.5
1376,68.5,66.5
1377,68.5,66.5
1378,68.5,66.5
1379,68.5,66.5
1380,68.5,66.5
1381,68.5,66.5
1382,68.5,66.5
1383,68.5,66.5
1384,68.5,66.5
1385,68.5,66.5
1386,68.5,66.5
1387,69.5,66.5
1388,69.5,66.5
1389,69.5,66.5
1390,69.5,66.5
1391,69.5,66.5
1392,69.5,66.5
1393,69.5,66.5
1394,69.5,66.5
1395,69.5,66.5
1396,69.5,66.5
1397,69.5,66.5
1398,69.5,66.5
1399,69.5,66.5
1400,69.5,66.5
1401,69.5,66.5
1402,69.5,66.5
1403,69.5,66.5
1404,69.5,66.5
1405,69.5,66.5
1406,69.5,66.5
1407,69.5,66.5
1408,69.5,66.5
1409,69.5,66.5
1410,69.5,66.5
1411,69.5,66.5
1412,69.5,66.5
1413,69.5,66.5
1414,69.5,66.5
1415,69.5,66.5
1416,69.5,66.5
1417,69.5,66.5
1418,69.5,66.5
1419,69.5,66.5
1420,69.5,66.5
1421,69.5,66.5
1422,69.5,66.5
1423,69.5,66.5
1424,69.5,66.5
1425,69.5,66.5
1426,69.5,66.5
1427,69.5,66.5
1428,69.5,66.5
1429,69.5,66.5
1430,69.5,66.5
1431,69.5,66.5
1432,69.5,66.5
1433,69.5,66.5
1434,69.5,66.5
1435,69.5,66.5
1436,69.5,66.5
1437,69.5,66.5
1438,69.5,66.5
1439,69.5,66.5
1440,69.5,66.5
1441,69.5,66.5
1442,70.5,66.5
1443,70.5,66.5
1444,70.5,66.5
1445,70.5,66.5
1446,70.5,66.5
1447,70.5,66.5
1448,70.5,66.5
1449,70.5,66.5
1450,70.5,66.5
1451,70.5,66.5
1452,70.5,66.5
1453,70.5,66.5
1454,70.5,66.5
1455,71.5,66.5
1456,71.5,66.5
1457,72.5,66.5
1458,72.5,66.5
1459,72.5,66.5
1460,72.5,66.5
1461,60.5,67.5
1462,60.5,67.5
1463,60.5,67.5
1464,60.5,67.5
1465,60.5,67.5
1466,60.5,67.5
1467,61.5,67.5
1468,61.5,67.5
1469,61.5,67.5
1470,61.5,67.5
1471,61.5,67.5
1472,61.5,67.5
1473,61.5,67.5
1474,61.5,67.5
1475,62.5,67.5
1476,62.5,67.5
1477,62.5,67.5
1478,62.5,67.5
1479,62.5,67.5
1480,62.5,67.5
1481,62.5,67.5
1482,62.5,67.5
1483,62.5,67.5
1484,62.5,67.5
1485,62.5,67.5
1486,62.5,67.5
1487,62.5,67.5
1488,62.5,67.5
1489,62.5,67.5
1490,62.5,67.5
1491,62.5,67.5
1492,62.5,67.5
1493,62.5,67.5
1494,62.5,67.5
1495,62.5,67.5
1496,62.5,67.5
1497,62.5,67.5
1498,62.5,67.5
1499,62.5,67.5
1500,62.5,67.5
1501,62.5,67.5
1502,62.5,67.5
1503,62.5,67.5
1504,62.5,67.5
1505,63.5,67.5
1506,63.5,67.5
1507,63.5,67.5
1508,63.5,67.5
1509,63.5,67.5
1510,63.5,67.5
1511,63.5,67.5
1512,63.5,67.5
1513,63.5,67.5
1514,63.5,67.5
1515,63.5,67.5
1516,63.5,67.5
1517,63.5,67.5
1518,63.5,67.5
1519,63.5,67.5
1520,63.5,67.5
1521,63.5,67.5
1522,63.5,67.5
1523,63.5,67.5
1524,63.5,67.5
1525,63.5,67.5
1526,63.5,67.5
1527,63.5,67.5
1528,63.5,67.5
1529,63.5,67.5
1530,63.5,67.5
1531,63.5,67.5
1532,63.5,67.5
1533,63.5,67.5
1534,63.5,67.5
1535,63.5,67.5
1536,63.5,67.5
1537,63.5,67.5
1538,63.5,67.5
1539,63.5,67.5
1540,63.5,67.5
1541,63.5,67.5
1542,63.5,67.5
1543,63.5,67.5
1544,63.5,67.5
1545,64.5,67.5
1546,64.5,67.5
1547,64.5,67.5
1548,64.5,67.5
1549,64.5,67.5
1550,64.5,67.5
1551,64.5,67.5
1552,64.5,67.5
1553,64.5,67.5
1554,64.5,67.5
1555,64.5,67.5
1556,64.5,67.5
1557,64.5,67.5
1558,64.5,67.5
1559,64.5,67.5
1560,64.5,67.5
1561,64.5,67.5
1562,64.5,67.5
1563,64.5,67.5
1564,64.5,67.5
1565,64.5,67.5
1566,64.5,67.5
1567,64.5,67.5
1568,64.5,67.5
1569,64.5,67.5
1570,64.5,67.5
1571,64.5,67.5
1572,64.5,67.5
1573,64.5,67.5
1574,64.5,67.5
1575,64.5,67.5
1576,64.5,67.5
1577,64.5,67.5
1578,64.5,67.5
1579,64.5,67.5
1580,64.5,67.5
1581,64.5,67.5
1582,64.5,67.5
1583,64.5,67.5
1584,64.5,67.5
1585,64.5,67.5
1586,65.5,67.5
1587,65.5,67.5
1588,65.5,67.5
1589,65.5,67.5
1590,65.5,67.5
1591,65.5,67.5
1592,65.5,67.5
1593,65.5,67.5
1594,65.5,67.5
1595,65.5,67.5
1596,65.5,67.5
1597,65.5,67.5
1598,65.5,67.5
1599,65.5,67.5
1600,65.5,67.5
1601,65.5,67.5
1602,65.5,67.5
1603,65.5,67.5
1604,65.5,67.5
1605,65.5,67.5
1606,65.5,67.5
1607,65.5,67.5
1608,65.5,67.5
1609,65.5,67.5
1610,65.5,67.5
1611,65.5,67.5
1612,65.5,67.5
1613,65.5,67.5
1614,65.5,67.5
1615,65.5,67.5
1616,65.5,67.5
1617,65.5,67.5
1618,65.5,67.5
1619,65.5,67.5
1620,65.5,67.5
1621,65.5,67.5
1622,65.5,67.5
1623,65.5,67.5
1624,65.5,67.5
1625,65.5,67.5
1626,65.5,67.5
1627,65.5,67.5
1628,65.5,67.5
1629,65.5,67.5
1630,65.5,67.5
1631,65.5,67.5
1632,65.5,67.5
1633,65.5,67.5
1634,65.5,67.5
1635,65.5,67.5
1636,65.5,67.5
1637,65.5,67.5
1638,65.5,67.5
1639,65.5,67.5
1640,65.5,67.5
1641,65.5,67.5
1642,65.5,67.5
1643,65.5,67.5
1644,65.5,67.5
1645,65.5,67.5
1646,65.5,67.5
1647,65.5,67.5
1648,65.5,67.5
1649,65.5,67.5
1650,65.5,67.5
1651,65.5,67.5
1652,65.5,67.5
1653,65.5,67.5
1654,65.5,67.5
1655,65.5,67.5
1656,65.5,67.5
1657,65.5,67.5
1658,65.5,67.5
1659,65.5,67.5
1660,65.5,67.5
1661,65.5,67.5
1662,65.5,67.5
1663,65.5,67.5
1664,65.5,67.5
1665,65.5,67.5
1666,65.5,67.5
1667,65.5,67.5
1668,65.5,67.5
1669,65.5,67.5
1670,65.5,67.5
1671,65.5,67.5
1672,65.5,67.5
1673,65.5,67.5
1674,65.5,67.5
1675,65.5,67.5
1676,65.5,67.5
1677,65.5,67.5
1678,65.5,67.5
1679,65.5,67.5
1680,65.5,67.5
1681,65.5,67.5
1682,65.5,67.5
1683,66.5,67.5
1684,66.5,67.5
1685,66.5,67.5
1686,66.5,67.5
1687,66.5,67.5
1688,66.5,67.5
1689,66.5,67.5
1690,66.5,67.5
1691,66.5,67.5
1692,66.5,67.5
1693,66.5,67.5
1694,66.5,67.5
1695,66.5,67.5
1696,66.5,67.5
1697,66.5,67.5
1698,66.5,67.5
1699,66.5,67.5
1700,66.5,67.5
1701,66.5,67.5
1702,66.5,67.5
1703,66.5,67.5
1704,66.5,67.5
1705,66.5,67.5
1706,66.5,67.5
1707,66.5,67.5
1708,66.5,67.5
1709,66.5,67.5
1710,66.5,67.5
1711,66.5,67.5
1712,66.5,67.5
1713,66.5,67.5
1714,66.5,67.5
1715,66.5,67.5
1716,66.5,67.5
1717,66.5,67.5
1718,66.5,67.5
1719,66.5,67.5
1720,66.5,67.5
1721,66.5,67.5
1722,66.5,67.5
1723,66.5,67.5
1724,66.5,67.5
1725,66.5,67.5
1726,66.5,67.5
1727,66.5,67.5
1728,66.5,67.5
1729,66.5,67.5
1730,66.5,67.5
1731,66.5,67.5
1732,66.5,67.5
1733,66.5,67.5
1734,66.5,67.5
1735,66.5,67.5
1736,66.5,67.5
1737,66.5,67.5
1738,66.5,67.5
1739,66.5,67.5
1740,66.5,67.5
1741,66.5,67.5
1742,66.5,67.5
1743,66.5,67.5
1744,66.5,67.5
1745,66.5,67.5
1746,66.5,67.5
1747,66.5,67.5
1748,66.5,67.5
1749,66.5,67.5
1750,66.5,67.5
1751,66.5,67.5
1752,66.5,67.5
1753,66.5,67.5
1754,66.5,67.5
1755,66.5,67.5
1756,66.5,67.5
1757,66.5,67.5
1758,66.5,67.5
1759,66.5,67.5
1760,66.5,67.5
1761,66.5,67.5
1762,66.5,67.5
1763,66.5,67.5
1764,66.5,67.5
1765,66.5,67.5
1766,66.5,67.5
1767,66.5,67.5
1768,66.5,67.5
1769,66.5,67.5
1770,66.5,67.5
1771,66.5,67.5
1772,66.5,67.5
1773,66.5,67.5
1774,66.5,67.5
1775,66.5,67.5
1776,66.5,67.5
1777,66.5,67.5
1778,66.5,67.5
1779,66.5,67.5
1780,66.5,67.5
1781,66.5,67.5
1782,66.5,67.5
1783,66.5,67.5
1784,66.5,67.5
1785,66.5,67.5
1786,66.5,67.5
1787,66.5,67.5
1788,66.5,67.5
1789,66.5,67.5
1790,66.5,67.5
1791,66.5,67.5
1792,66.5,67.5
1793,66.5,67.5
1794,66.5,67.5
1795,66.5,67.5
1796,66.5,67.5
1797,66.5,67.5
1798,66.5,67.5
1799,66.5,67.5
1800,66.5,67.5
1801,66.5,67.5
1802,66.5,67.5
1803,66.5,67.5
1804,66.5,67.5
1805,66.5,67.5
1806,66.5,67.5
1807,66.5,67.5
1808,66.5,67.5
1809,67.5,67.5
1810,67.5,67.5
1811,67.5,67.5
1812,67.5,67.5
1813,67.5,67.5
1814,67.5,67.5
1815,67.5,67.5
1816,67.5,67.5
1817,67.5,67.5
1818,67.5,67.5
1819,67.5,67.5
1820,67.5,67.5
1821,67.5,67.5
1822,67.5,67.5
1823,67.5,67.5
1824,67.5,67.5
1825,67.5,67.5
1826,67.5,67.5
1827,67.5,67.5
1828,67.5,67.5
1829,67.5,67.5
1830,67.5,67.5
1831,67.5,67.5
1832,67.5,67.5
1833,67.5,67.5
1834,67.5,67.5
1835,67.5,67.5
1836,67.5,67.5
1837,67.5,67.5
1838,67.5,67.5
1839,67.5,67.5
1840,67.5,67.5
1841,67.5,67.5
1842,67.5,67.5
1843,67.5,67.5
1844,67.5,67.5
1845,67.5,67.5
1846,67.5,67.5
1847,67.5,67.5
1848,67.5,67.5
1849,67.5,67.5
1850,67.5,67.5
1851,67.5,67.5
1852,67.5,67.5
1853,67.5,67.5
1854,67.5,67.5
1855,67.5,67.5
1856,67.5,67.5
1857,67.5,67.5
1858,67.5,67.5
1859,67.5,67.5
1860,67.5,67.5
1861,67.5,67.5
1862,67.5,67.5
1863,67.5,67.5
1864,67.5,67.5
1865,67.5,67.5
1866,67.5,67.5
1867,67.5,67.5
1868,67.5,67.5
1869,67.5,67.5
1870,67.5,67.5
1871,67.5,67.5
1872,67.5,67.5
1873,67.5,67.5
1874,67.5,67.5
1875,67.5,67.5
1876,67.5,67.5
1877,67.5,67.5
1878,67.5,67.5
1879,67.5,67.5
1880,67.5,67.5
1881,67.5,67.5
1882,67.5,67.5
1883,67.5,67.5
1884,67.5,67.5
1885,67.5,67.5
1886,67.5,67.5
1887,67.5,67.5
1888,67.5,67.5
1889,67.5,67.5
1890,67.5,67.5
1891,67.5,67.5
1892,67.5,67.5
1893,67.5,67.5
1894,67.5,67.5
1895,67.5,67.5
1896,67.5,67.5
1897,67.5,67.5
1898,67.5,67.5
1899,67.5,67.5
1900,67.5,67.5
1901,67.5,67.5
1902,67.5,67.5
1903,68.5,67.5
1904,68.5,67.5
1905,68.5,67.5
1906,68.5,67.5
1907,68.5,67.5
1908,68.5,67.5
1909,68.5,67.5
1910,68.5,67.5
1911,68.5,67.5
1912,68.5,67.5
1913,68.5,67.5
1914,68.5,67.5
1915,68.5,67.5
1916,68.5,67.5
1917,68.5,67.5
1918,68.5,67.5
1919,68.5,67.5
1920,68.5,67.5
1921,68.5,67.5
1922,68.5,67.5
1923,68.5,67.5
1924,68.5,67.5
1925,68.5,67.5
1926,68.5,67.5
1927,68.5,67.5
1928,68.5,67.5
1929,68.5,67.5
1930,68.5,67.5
1931,68.5,67.5
1932,68.5,67.5
1933,68.5,67.5
1934,68.5,67.5
1935,68.5,67.5
1936,68.5,67.5
1937,68.5,67.5
1938,68.5,67.5
1939,68.5,67.5
1940,68.5,67.5
1941,68.5,67.5
1942,68.5,67.5
1943,68.5,67.5
1944,68.5,67.5
1945,68.5,67.5
1946,68.5,67.5
1947,68.5,67.5
1948,68.5,67.5
1949,68.5,67.5
1950,68.5,67.5
1951,68.5,67.5
1952,68.5,67.5
1953,68.5,67.5
1954,68.5,67.5
1955,68.5,67.5
1956,68.5,67.5
1957,68.5,67.5
1958,68.5,67.5
1959,68.5,67.5
1960,68.5,67.5
1961,68.5,67.5
1962,68.5,67.5
1963,68.5,67.5
1964,68.5,67.5
1965,68.5,67.5
1966,68.5,67.5
1967,68.5,67.5
1968,68.5,67.5
1969,68.5,67.5
1970,68.5,67.5
1971,68.5,67.5
1972,68.5,67.5
1973,68.5,67.5
1974,68.5,67.5
1975,68.5,67.5
1976,68.5,67.5
1977,68.5,67.5
1978,68.5,67.5
1979,68.5,67.5
1980,68.5,67.5
1981,68.5,67.5
1982,68.5,67.5
1983,68.5,67.5
1984,68.5,67.5
1985,68.5,67.5
1986,68.5,67.5
1987,68.5,67.5
1988,68.5,67.5
1989,68.5,67.5
1990,68.5,67.5
1991,68.5,67.5
1992,68.5,67.5
1993,68.5,67.5
1994,68.5,67.5
1995,68.5,67.5
1996,68.5,67.5
1997,68.5,67.5
1998,68.5,67.5
1999,68.5,67.5
2000,68.5,67.5
2001,68.5,67.5
2002,68.5,67.5
2003,68.5,67.5
2004,68.5,67.5
2005,68.5,67.5
2006,68.5,67.5
2007,68.5,67.5
2008,68.5,67.5
2009,68.5,67.5
2010,68.5,67.5
2011,68.5,67.5
2012,68.5,67.5
2013,68.5,67.5
2014,68.5,67.5
2015,68.5,67.5
2016,68.5,67.5
2017,68.5,67.5
2018,68.5,67.5
2019,68.5,67.5
2020,68.5,67.5
2021,69.5,67.5
2022,69.5,67.5
2023,69.5,67.5
2024,69.5,67.5
2025,69.5,67.5
2026,69.5,67.5
2027,69.5,67.5
2028,69.5,67.5
2029,69.5,67.5
2030,69.5,67.5
2031,69.5,67.5
2032,69.5,67.5
2033,69.5,67.5
2034,69.5,67.5
2035,69.5,67.5
2036,69.5,67.5
2037,69.5,67.5
2038,69.5,67.5
2039,69.5,67.5
2040,69.5,67.5
2041,69.5,67.5
2042,69.5,67.5
2043,69.5,67.5
2044,69.5,67.5
2045,69.5,67.5
2046,69.5,67.5
2047,69.5,67.5
2048,69.5,67.5
2049,69.5,67.5
2050,69.5,67.5
2051,69.5,67.5
2052,69.5,67.5
2053,69.5,67.5
2054,69.5,67.5
2055,69.5,67.5
2056,69.5,67.5
2057,69.5,67.5
2058,69.5,67.5
2059,69.5,67.5
2060,69.5,67.5
2061,69.5,67.5
2062,69.5,67.5
2063,69.5,67.5
2064,69.5,67.5
2065,69.5,67.5
2066,69.5,67.5
2067,69.5,67.5
2068,69.5,67.5
2069,69.5,67.5
2070,69.5,67.5
2071,69.5,67.5
2072,69.5,67.5
2073,69.5,67.5
2074,70.5,67.5
2075,70.5,67.5
2076,70.5,67.5
2077,70.5,67.5
2078,70.5,67.5
2079,70.5,67.5
2080,70.5,67.5
2081,70.5,67.5
2082,70.5,67.5
2083,70.5,67.5
2084,70.5,67.5
2085,70.5,67.5
2086,70.5,67.5
2087,70.5,67.5
2088,70.5,67.5
2089,70.5,67.5
2090,70.5,67.5
2091,70.5,67.5
2092,70.5,67.5
2093,70.5,67.5
2094,70.5,67.5
2095,70.5,67.5
2096,70.5,67.5
2097,70.5,67.5
2098,70.5,67.5
2099,70.5,67.5
2100,70.5,67.5
2101,70.5,67.5
2102,70.5,67.5
2103,70.5,67.5
2104,70.5,67.5
2105,70.5,67.5
2106,70.5,67.5
2107,70.5,67.5
2108,71.5,67.5
2109,71.5,67.5
2110,71.5,67.5
2111,71.5,67.5
2112,71.5,67.5
2113,71.5,67.5
2114,71.5,67.5
2115,71.5,67.5
2116,71.5,67.5
2117,71.5,67.5
2118,71.5,67.5
2119,71.5,67.5
2120,71.5,67.5
2121,71.5,67.5
2122,71.5,67.5
2123,71.5,67.5
2124,71.5,67.5
2125,71.5,67.5
2126,71.5,67.5
2127,71.5,67.5
2128,71.5,67.5
2129,71.5,67.5
2130,71.5,67.5
2131,71.5,67.5
2132,71.5,67.5
2133,71.5,67.5
2134,71.5,67.5
2135,71.5,67.5
2136,71.5,67.5
2137,71.5,67.5
2138,71.5,67.5
2139,71.5,67.5
2140,71.5,67.5
2141,71.5,67.5
2142,71.5,67.5
2143,71.5,67.5
2144,71.5,67.5
2145,71.5,67.5
2146,72.5,67.5
2147,72.5,67.5
2148,72.5,67.5
2149,72.5,67.5
2150,72.5,67.5
2151,72.5,67.5
2152,72.5,67.5
2153,72.5,67.5
2154,72.5,67.5
2155,60.5,68.5
2156,60.5,68.5
2157,60.5,68.5
2158,60.5,68.5
2159,62.5,68.5
2160,62.5,68.5
2161,62.5,68.5
2162,62.5,68.5
2163,62.5,68.5
2164,62.5,68.5
2165,62.5,68.5
2166,62.5,68.5
2167,62.5,68.5
2168,62.5,68.5
2169,62.5,68.5
2170,62.5,68.5
2171,62.5,68.5
2172,62.5,68.5
2173,62.5,68.5
2174,62.5,68.5
2175,62.5,68.5
2176,62.5,68.5
2177,62.5,68.5
2178,62.5,68.5
2179,62.5,68.5
2180,63.5,68.5
2181,63.5,68.5
2182,63.5,68.5
2183,63.5,68.5
2184,63.5,68.5
2185,63.5,68.5
2186,63.5,68.5
2187,63.5,68.5
2188,63.5,68.5
2189,63.5,68.5
2190,63.5,68.5
2191,63.5,68.5
2192,63.5,68.5
2193,63.5,68.5
2194,63.5,68.5
2195,63.5,68.5
2196,63.5,68.5
2197,63.5,68.5
2198,63.5,68.5
2199,63.5,68.5
2200,64.5,68.5
2201,64.5,68.5
2202,64.5,68.5
2203,64.5,68.5
2204,64.5,68.5
2205,64.5,68.5
2206,64.5,68.5
2207,64.5,68.5
2208,64.5,68.5
2209,64.5,68.5
2210,64.5,68.5
2211,64.5,68.5
2212,64.5,68.5
2213,64.5,68.5
2214,64.5,68.5
2215,64.5,68.5
2216,64.5,68.5
2217,64.5,68.5
2218,64.5,68.5
2219,64.5,68.5
2220,64.5,68.5
2221,64.5,68.5
2222,64.5,68.5
2223,64.5,68.5
2224,64.5,68.5
2225,64.5,68.5
2226,64.5,68.5
2227,64.5,68.5
2228,64.5,68.5
2229,64.5,68.5
2230,64.5,68.5
2231,64.5,68.5
2232,64.5,68.5
2233,64.5,68.5
2234,64.5,68.5
2235,64.5,68.5
2236,64.5,68.5
2237,64.5,68.5
2238,64.5,68.5
2239,64.5,68.5
2240,64.5,68.5
2241,64.5,68.5
2242,64.5,68.5
2243,64.5,68.5
2244,64.5,68.5
2245,64.5,68.5
2246,64.5,68.5
2247,64.5,68.5
2248,64.5,68.5
2249,64.5,68.5
2250,64.5,68.5
2251,65.5,68.5
2252,65.5,68.5
2253,65.5,68.5
2254,65.5,68.5
2255,65.5,68.5
2256,65.5,68.5
2257,65.5,68.5
2258,65.5,68.5
2259,65.5,68.5
2260,65.5,68.5
2261,65.5,68.5
2262,65.5,68.5
2263,65.5,68.5
2264,65.5,68.5
2265,65.5,68.5
2266,65.5,68.5
2267,65.5,68.5
2268,65.5,68.5
2269,65.5,68.5
2270,65.5,68.5
2271,65.5,68.5
2272,65.5,68.5
2273,65.5,68.5
2274,65.5,68.5
2275,65.5,68.5
2276,65.5,68.5
2277,65.5,68.5
2278,65.5,68.5
2279,65.5,68.5
2280,65.5,68.5
2281,65.5,68.5
2282,65.5,68.5
2283,65.5,68.5
2284,65.5,68.5
2285,65.5,68.5
2286,65.5,68.5
2287,65.5,68.5
2288,65.5,68.5
2289,65.5,68.5
2290,65.5,68.5
2291,65.5,68.5
2292,65.5,68.5
2293,65.5,68.5
2294,65.5,68.5
2295,65.5,68.5
2296,65.5,68.5
2297,65.5,68.5
2298,65.5,68.5
2299,65.5,68.5
2300,65.5,68.5
2301,65.5,68.5
2302,65.5,68.5
2303,65.5,68.5
2304,65.5,68.5
2305,65.5,68.5
2306,65.5,68.5
2307,65.5,68.5
2308,65.5,68.5
2309,65.5,68.5
2310,65.5,68.5
2311,65.5,68.5
2312,65.5,68.5
2313,65.5,68.5
2314,65.5,68.5
2315,65.5,68.5
2316,65.5,68.5
2317,65.5,68.5
2318,65.5,68.5
2319,65.5,68.5
2320,65.5,68.5
2321,65.5,68.5
2322,65.5,68.5
2323,65.5,68.5
2324,66.5,68.5
2325,66.5,68.5
2326,66.5,68.5
2327,66.5,68.5
2328,66.5,68.5
2329,66.5,68.5
2330,66.5,68.5
2331,66.5,68.5
2332,66.5,68.5
2333,66.5,68.5
2334,66.5,68.5
2335,66.5,68.5
2336,66.5,68.5
2337,66.5,68.5
2338,66.5,68.5
2339,66.5,68.5
2340,66.5,68.5
2341,66.5,68.5
2342,66.5,68.5
2343,66.5,68.5
2344,66.5,68.5
2345,66.5,68.5
2346,66.5,68.5
2347,66.5,68.5
2348,66.5,68.5
2349,66.5,68.5
2350,66.5,68.5
2351,66.5,68.5
2352,66.5,68.5
2353,66.5,68.5
2354,66.5,68.5
2355,66.5,68.5
2356,66.5,68.5
2357,66.5,68.5
2358,66.5,68.5
2359,66.5,68.5
2360,66.5,68.5
2361,66.5,68.5
2362,66.5,68.5
2363,66.5,68.5
2364,66.5,68.5
2365,66.5,68.5
2366,66.5,68.5
2367,66.5,68.5
2368,66.5,68.5
2369,66.5,68.5
2370,66.5,68.5
2371,66.5,68.5
2372,66.5,68.5
2373,66.5,68.5
2374,66.5,68.5
2375,66.5,68.5
2376,66.5,68.5
2377,66.5,68.5
2378,66.5,68.5
2379,66.5,68.5
2380,66.5,68.5
2381,66.5,68.5
2382,66.5,68.5
2383,66.5,68.5
2384,66.5,68.5
2385,66.5,68.5
2386,66.5,68.5
2387,66.5,68.5
2388,67.5,68.5
2389,67.5,68.5
2390,67.5,68.5
2391,67.5,68.5
2392,67.5,68.5
2393,67.5,68.5
2394,67.5,68.5
2395,67.5,68.5
2396,67.5,68.5
2397,67.5,68.5
2398,67.5,68.5
2399,67.5,68.5
2400,67.5,68.5
2401,67.5,68.5
2402,67.5,68.5
2403,67.5,68.5
2404,67.5,68.5
2405,67.5,68.5
2406,67.5,68.5
2407,67.5,68.5
2408,67.5,68.5
2409,67.5,68.5
2410,67.5,68.5
2411,67.5,68.5
2412,67.5,68.5
2413,67.5,68.5
2414,67.5,68.5
2415,67.5,68.5
2416,67.5,68.5
2417,67.5,68.5
2418,67.5,68.5
2419,67.5,68.5
2420,67.5,68.5
2421,67.5,68.5
2422,67.5,68.5
2423,67.5,68.5
2424,67.5,68.5
2425,67.5,68.5
2426,67.5,68.5
2427,67.5,68.5
2428,67.5,68.5
2429,67.5,68.5
2430,67.5,68.5
2431,67.5,68.5
2432,67.5,68.5
2433,67.5,68.5
2434,67.5,68.5
2435,67.5,68.5
2436,67.5,68.5
2437,67.5,68.5
2438,67.5,68.5
2439,67.5,68.5
2440,67.5,68.5
2441,67.5,68.5
2442,67.5,68.5
2443,67.5,68.5
2444,67.5,68.5
2445,67.5,68.5
2446,67.5,68.5
2447,67.5,68.5
2448,67.5,68.5
2449,67.5,68.5
2450,67.5,68.5
2451,67.5,68.5
2452,67.5,68.5
2453,67.5,68.5
2454,67.5,68.5
2455,67.5,68.5
2456,67.5,68.5
2457,67.5,68.5
2458,67.5,68.5
2459,67.5,68.5
2460,67.5,68.5
2461,67.5,68.5
2462,67.5,68.5
2463,67.5,68.5
2464,67.5,68.5
2465,67.5,68.5
2466,67.5,68.5
2467,67.5,68.5
2468,67.5,68.5
2469,67.5,68.5
2470,67.5,68.5
2471,67.5,68.5
2472,67.5,68.5
2473,67.5,68.5
2474,67.5,68.5
2475,67.5,68.5
2476,67.5,68.5
2477,67.5,68.5
2478,67.5,68.5
2479,67.5,68.5
2480,67.5,68.5
2481,67.5,68.5
2482,67.5,68.5
2483,67.5,68.5
2484,68.5,68.5
2485,68.5,68.5
2486,68.5,68.5
2487,68.5,68.5
2488,68.5,68.5
2489,68.5,68.5
2490,68.5,68.5
2491,68.5,68.5
2492,68.5,68.5
2493,68.5,68.5
2494,68.5,68.5
2495,68.5,68.5
2496,68.5,68.5
2497,68.5,68.5
2498,68.5,68.5
2499,68.5,68.5
2500,68.5,68.5
2501,68.5,68.5
2502,68.5,68.5
2503,68.5,68.5
2504,68.5,68.5
2505,68.5,68.5
2506,68.5,68.5
2507,68.5,68.5
2508,68.5,68.5
2509,68.5,68.5
2510,68.5,68.5
2511,68.5,68.5
2512,68.5,68.5
2513,68.5,68.5
2514,68.5,68.5
2515,68.5,68.5
2516,68.5,68.5
2517,68.5,68.5
2518,68.5,68.5
2519,68.5,68.5
2520,68.5,68.5
2521,68.5,68.5
2522,68.5,68.5
2523,68.5,68.5
2524,68.5,68.5
2525,68.5,68.5
2526,68.5,68.5
2527,68.5,68.5
2528,68.5,68.5
2529,68.5,68.5
2530,68.5,68.5
2531,68.5,68.5
2532,68.5,68.5
2533,68.5,68.5
2534,68.5,68.5
2535,68.5,68.5
2536,68.5,68.5
2537,68.5,68.5
2538,68.5,68.5
2539,68.5,68.5
2540,68.5,68.5
2541,68.5,68.5
2542,68.5,68.5
2543,68.5,68.5
2544,68.5,68.5
2545,68.5,68.5
2546,68.5,68.5
2547,68.5,68.5
2548,68.5,68.5
2549,68.5,68.5
2550,68.5,68.5
2551,68.5,68.5
2552,68.5,68.5
2553,68.5,68.5
2554,68.5,68.5
2555,68.5,68.5
2556,68.5,68.5
2557,68.5,68.5
2558,68.5,68.5
2559,68.5,68.5
2560,68.5,68.5
2561,68.5,68.5
2562,68.5,68.5
2563,68.5,68.5
2564,68.5,68.5
2565,68.5,68.5
2566,68.5,68.5
2567,68.5,68.5
2568,68.5,68.5
2569,68.5,68.5
2570,68.5,68.5
2571,68.5,68.5
2572,68.5,68.5
2573,68.5,68.5
2574,68.5,68.5
2575,68.5,68.5
2576,68.5,68.5
2577,68.5,68.5
2578,68.5,68.5
2579,68.5,68.5
2580,68.5,68.5
2581,68.5,68.5
2582,68.5,68.5
2583,68.5,68.5
2584,68.5,68.5
2585,68.5,68.5
2586,68.5,68.5
2587,68.5,68.5
2588,68.5,68.5
2589,68.5,68.5
2590,68.5,68.5
2591,68.5,68.5
2592,68.5,68.5
2593,68.5,68.5
2594,68.5,68.5
2595,68.5,68.5
2596,68.5,68.5
2597,68.5,68.5
2598,68.5,68.5
2599,68.5,68.5
2600,69.5,68.5
2601,69.5,68.5
2602,69.5,68.5
2603,69.5,68.5
2604,69.5,68.5
2605,69.5,68.5
2606,69.5,68.5
2607,69.5,68.5
2608,69.5,68.5
2609,69.5,68.5
2610,69.5,68.5
2611,69.5,68.5
2612,69.5,68.5
2613,69.5,68.5
2614,69.5,68.5
2615,69.5,68.5
2616,69.5,68.5
2617,69.5,68.5
2618,69.5,68.5
2619,69.5,68.5
2620,69.5,68.5
2621,69.5,68.5
2622,69.5,68.5
2623,69.5,68.5
2624,69.5,68.5
2625,69.5,68.5
2626,69.5,68.5
2627,69.5,68.5
2628,69.5,68.5
2629,69.5,68.5
2630,69.5,68.5
2631,69.5,68.5
2632,69.5,68.5
2633,69.5,68.5
2634,69.5,68.5
2635,69.5,68.5
2636,69.5,68.5
2637,69.5,68.5
2638,69.5,68.5
2639,69.5,68.5
2640,69.5,68.5
2641,69.5,68.5
2642,69.5,68.5
2643,69.5,68.5
2644,69.5,68.5
2645,69.5,68.5
2646,69.5,68.5
2647,69.5,68.5
2648,69.5,68.5
2649,69.5,68.5
2650,69.5,68.5
2651,69.5,68.5
2652,69.5,68.5
2653,69.5,68.5
2654,69.5,68.5
2655,69.5,68.5
2656,69.5,68.5
2657,69.5,68.5
2658,69.5,68.5
2659,69.5,68.5
2660,69.5,68.5
2661,69.5,68.5
2662,69.5,68.5
2663,69.5,68.5
2664,69.5,68.5
2665,69.5,68.5
2666,69.5,68.5
2667,69.5,68.5
2668,69.5,68.5
2669,69.5,68.5
2670,69.5,68.5
2671,69.5,68.5
2672,69.5,68.5
2673,69.5,68.5
2674,69.5,68.5
2675,69.5,68.5
2676,69.5,68.5
2677,69.5,68.5
2678,69.5,68.5
2679,69.5,68.5
2680,69.5,68.5
2681,69.5,68.5
2682,69.5,68.5
2683,69.5,68.5
2684,69.5,68.5
2685,69.5,68.5
2686,70.5,68.5
2687,70.5,68.5
2688,70.5,68.5
2689,70.5,68.5
2690,70.5,68.5
2691,70.5,68.5
2692,70.5,68.5
2693,70.5,68.5
2694,70.5,68.5
2695,70.5,68.5
2696,70.5,68.5
2697,70.5,68.5
2698,70.5,68.5
2699,70.5,68.5
2700,70.5,68.5
2701,70.5,68.5
2702,70.5,68.5
2703,70.5,68.5
2704,70.5,68.5
2705,70.5,68.5
2706,70.5,68.5
2707,70.5,68.5
2708,70.5,68.5
2709,70.5,68.5
2710,70.5,68.5
2711,70.5,68.5
2712,70.5,68.5
2713,70.5,68.5
2714,70.5,68.5
2715,70.5,68.5
2716,70.5,68.5
2717,70.5,68.5
2718,70.5,68.5
2719,70.5,68.5
2720,70.5,68.5
2721,70.5,68.5
2722,70.5,68.5
2723,70.5,68.5
2724,70.5,68.5
2725,70.5,68.5
2726,71.5,68.5
2727,71.5,68.5
2728,71.5,68.5
2729,71.5,68.5
2730,71.5,68.5
2731,71.5,68.5
2732,71.5,68.5
2733,71.5,68.5
2734,71.5,68.5
2735,71.5,68.5
2736,71.5,68.5
2737,71.5,68.5
2738,71.5,68.5
2739,71.5,68.5
2740,72.5,68.5
2741,72.5,68.5
2742,72.5,68.5
2743,72.5,68.5
2744,72.5,68.5
2745,72.5,68.5
2746,72.5,68.5
2747,72.5,68.5
2748,72.5,68.5
2749,74.5,68.5
2750,74.5,68.5
2751,74.5,68.5
2752,74.5,68.5
2753,62.5,69.5
2754,62.5,69.5
2755,62.5,69.5
2756,62.5,69.5
2757,63.5,69.5
2758,63.5,69.5
2759,63.5,69.5
2760,63.5,69.5
2761,63.5,69.5
2762,63.5,69.5
2763,63.5,69.5
2764,63.5,69.5
2765,63.5,69.5
2766,63.5,69.5
2767,64.5,69.5
2768,64.5,69.5
2769,64.5,69.5
2770,64.5,69.5
2771,64.5,69.5
2772,64.5,69.5
2773,64.5,69.5
2774,64.5,69.5
2775,64.5,69.5
2776,64.5,69.5
2777,64.5,69.5
2778,64.5,69.5
2779,64.5,69.5
2780,64.5,69.5
2781,64.5,69.5
2782,64.5,69.5
2783,64.5,69.5
2784,64.5,69.5
2785,64.5,69.5
2786,64.5,69.5
2787,64.5,69.5
2788,64.5,69.5
2789,64.5,69.5
2790,65.5,69.5
2791,65.5,69.5
2792,65.5,69.5
2793,65.5,69.5
2794,65.5,69.5
2795,65.5,69.5
2796,65.5,69.5
2797,65.5,69.5
2798,65.5,69.5
2799,65.5,69.5
2800,65.5,69.5
2801,65.5,69.5
2802,65.5,69.5
2803,65.5,69.5
2804,65.5,69.5
2805,65.5,69.5
2806,65.5,69.5
2807,65.5,69.5
2808,65.5,69.5
2809,65.5,69.5
2810,65.5,69.5
2811,65.5,69.5
2812,65.5,69.5
2813,65.5,69.5
2814,65.5,69.5
2815,65.5,69.5
2816,65.5,69.5
2817,65.5,69.5
2818,65.5,69.5
2819,65.5,69.5
2820,65.5,69.5
2821,65.5,69.5
2822,65.5,69.5
2823,65.5,69.5
2824,65.5,69.5
2825,65.5,69.5
2826,65.5,69.5
2827,65.5,69.5
2828,65.5,69.5
2829,65.5,69.5
2830,65.5,69.5
2831,65.5,69.5
2832,65.5,69.5
2833,65.5,69.5
2834,65.5,69.5
2835,65.5,69.5
2836,65.5,69.5
2837,65.5,69.5
2838,65.5,69.5
2839,65.5,69.5
2840,65.5,69.5
2841,65.5,69.5
2842,65.5,69.5
2843,65.5,69.5
2844,65.5,69.5
2845,65.5,69.5
2846,65.5,69.5
2847,65.5,69.5
2848,65.5,69.5
2849,65.5,69.5
2850,65.5,69.5
2851,65.5,69.5
2852,65.5,69.5
2853,65.5,69.5
2854,65.5,69.5
2855,65.5,69.5
2856,65.5,69.5
2857,65.5,69.5
2858,65.5,69.5
2859,65.5,69.5
2860,65.5,69.5
2861,65.5,69.5
2862,65.5,69.5
2863,65.5,69.5
2864,65.5,69.5
2865,66.5,69.5
2866,66.5,69.5
2867,66.5,69.5
2868,66.5,69.5
2869,66.5,69.5
2870,66.5,69.5
2871,66.5,69.5
2872,66.5,69.5
2873,66.5,69.5
2874,66.5,69.5
2875,66.5,69.5
2876,66.5,69.5
2877,66.5,69.5
2878,66.5,69.5
2879,66.5,69.5
2880,66.5,69.5
2881,66.5,69.5
2882,66.5,69.5
2883,66.5,69.5
2884,66.5,69.5
2885,66.5,69.5
2886,66.5,69.5
2887,66.5,69.5
2888,66.5,69.5
2889,66.5,69.5
2890,66.5,69.5
2891,66.5,69.5
2892,66.5,69.5
2893,66.5,69.5
2894,66.5,69.5
2895,66.5,69.5
2896,66.5,69.5
2897,66.5,69.5
2898,66.5,69.5
2899,66.5,69.5
2900,66.5,69.5
2901,66.5,69.5
2902,66.5,69.5
2903,66.5,69.5
2904,66.5,69.5
2905,66.5,69.5
2906,66.5,69.5
2907,66.5,69.5
2908,66.5,69.5
2909,66.5,69.5
2910,66.5,69.5
2911,66.5,69.5
2912,67.5,69.5
2913,67.5,69.5
2914,67.5,69.5
2915,67.5,69.5
2916,67.5,69.5
2917,67.5,69.5
2918,67.5,69.5
2919,67.5,69.5
2920,67.5,69.5
2921,67.5,69.5
2922,67.5,69.5
2923,67.5,69.5
2924,67.5,69.5
2925,67.5,69.5
2926,67.5,69.5
2927,67.5,69.5
2928,67.5,69.5
2929,67.5,69.5
2930,67.5,69.5
2931,67.5,69.5
2932,67.5,69.5
2933,67.5,69.5
2934,67.5,69.5
2935,67.5,69.5
2936,67.5,69.5
2937,67.5,69.5
2938,67.5,69.5
2939,67.5,69.5
2940,67.5,69.5
2941,67.5,69.5
2942,67.5,69.5
2943,67.5,69.5
2944,67.5,69.5
2945,67.5,69.5
2946,67.5,69.5
2947,67.5,69.5
2948,67.5,69.5
2949,67.5,69.5
2950,67.5,69.5
2951,67.5,69.5
2952,67.5,69.5
2953,67.5,69.5
2954,67.5,69.5
2955,67.5,69.5
2956,67.5,69.5
2957,67.5,69.5
2958,67.5,69.5
2959,67.5,69.5
2960,67.5,69.5
2961,67.5,69.5
2962,67.5,69.5
2963,67.5,69.5
2964,67.5,69.5
2965,67.5,69.5
2966,67.5,69.5
2967,67.5,69.5
2968,67.5,69.5
2969,67.5,69.5
2970,67.5,69.5
2971,67.5,69.5
2972,67.5,69.5
2973,67.5,69.5
2974,67.5,69.5
2975,67.5,69.5
2976,67.5,69.5
2977,67.5,69.5
2978,67.5,69.5
2979,67.5,69.5
2980,67.5,69.5
2981,67.5,69.5
2982,67.5,69.5
2983,67.5,69.5
2984,67.5,69.5
2985,67.5,69.5
2986,67.5,69.5
2987,67.5,69.5
2988,67.5,69.5
2989,67.5,69.5
2990,68.5,69.5
2991,68.5,69.5
2992,68.5,69.5
2993,68.5,69.5
2994,68.5,69.5
2995,68.5,69.5
2996,68.5,69.5
2997,68.5,69.5
2998,68.5,69.5
2999,68.5,69.5
3000,68.5,69.5
3001,68.5,69.5
3002,68.5,69.5
3003,68.5,69.5
3004,68.5,69.5
3005,68.5,69.5
3006,68.5,69.5
3007,68.5,69.5
3008,68.5,69.5
3009,68.5,69.5
3010,68.5,69.5
3011,68.5,69.5
3012,68.5,69.5
3013,68.5,69.5
3014,68.5,69.5
3015,68.5,69.5
3016,68.5,69.5
3017,68.5,69.5
3018,68.5,69.5
3019,68.5,69.5
3020,68.5,69.5
3021,68.5,69.5
3022,68.5,69.5
3023,68.5,69.5
3024,68.5,69.5
3025,68.5,69.5
3026,68.5,69.5
3027,68.5,69.5
3028,68.5,69.5
3029,68.5,69.5
3030,68.5,69.5
3031,68.5,69.5
3032,68.5,69.5
3033,68.5,69.5
3034,68.5,69.5
3035,68.5,69.5
3036,68.5,69.5
3037,68.5,69.5
3038,68.5,69.5
3039,68.5,69.5
3040,68.5,69.5
3041,68.5,69.5
3042,68.5,69.5
3043,68.5,69.5
3044,68.5,69.5
3045,68.5,69.5
3046,68.5,69.5
3047,68.5,69.5
3048,68.5,69.5
3049,68.5,69.5
3050,68.5,69.5
3051,68.5,69.5
3052,68.5,69.5
3053,68.5,69.5
3054,68.5,69.5
3055,68.5,69.5
3056,68.5,69.5
3057,68.5,69.5
3058,68.5,69.5
3059,68.5,69.5
3060,68.5,69.5
3061,68.5,69.5
3062,68.5,69.5
3063,68.5,69.5
3064,68.5,69.5
3065,68.5,69.5
3066,68.5,69.5
3067,68.5,69.5
3068,68.5,69.5
3069,68.5,69.5
3070,68.5,69.5
3071,68.5,69.5
3072,68.5,69.5
3073,68.5,69.5
3074,68.5,69.5
3075,68.5,69.5
3076,68.5,69.5
3077,68.5,69.5
3078,68.5,69.5
3079,68.5,69.5
3080,69.5,69.5
3081,69.5,69.5
3082,69.5,69.5
3083,69.5,69.5
3084,69.5,69.5
3085,69.5,69.5
3086,69.5,69.5
3087,69.5,69.5
3088,69.5,69.5
3089,69.5,69.5
3090,69.5,69.5
3091,69.5,69.5
3092,69.5,69.5
3093,69.5,69.5
3094,69.5,69.5
3095,69.5,69.5
3096,69.5,69.5
3097,69.5,69.5
3098,69.5,69.5
3099,69.5,69.5
3100,69.5,69.5
3101,69.5,69.5
3102,69.5,69.5
3103,69.5,69.5
3104,69.5,69.5
3105,69.5,69.5
3106,69.5,69.5
3107,69.5,69.5
3108,69.5,69.5
3109,69.5,69.5
3110,69.5,69.5
3111,69.5,69.5
3112,69.5,69.5
3113,69.5,69.5
3114,69.5,69.5
3115,69.5,69.5
3116,69.5,69.5
3117,69.5,69.5
3118,69.5,69.5
3119,69.5,69.5
3120,69.5,69.5
3121,69.5,69.5
3122,69.5,69.5
3123,69.5,69.5
3124,69.5,69.5
3125,69.5,69.5
3126,69.5,69.5
3127,69.5,69.5
3128,69.5,69.5
3129,69.5,69.5
3130,69.5,69.5
3131,69.5,69.5
3132,69.5,69.5
3133,69.5,69.5
3134,69.5,69.5
3135,69.5,69.5
3136,69.5,69.5
3137,69.5,69.5
3138,69.5,69.5
3139,69.5,69.5
3140,69.5,69.5
3141,69.5,69.5
3142,69.5,69.5
3143,69.5,69.5
3144,69.5,69.5
3145,69.5,69.5
3146,69.5,69.5
3147,69.5,69.5
3148,69.5,69.5
3149,69.5,69.5
3150,69.5,69.5
3151,69.5,69.5
3152,69.5,69.5
3153,69.5,69.5
3154,69.5,69.5
3155,69.5,69.5
3156,69.5,69.5
3157,69.5,69.5
3158,70.5,69.5
3159,70.5,69.5
3160,70.5,69.5
3161,70.5,69.5
3162,70.5,69.5
3163,70.5,69.5
3164,70.5,69.5
3165,70.5,69.5
3166,70.5,69.5
3167,70.5,69.5
3168,70.5,69.5
3169,70.5,69.5
3170,70.5,69.5
3171,70.5,69.5
3172,70.5,69.5
3173,70.5,69.5
3174,70.5,69.5
3175,70.5,69.5
3176,70.5,69.5
3177,70.5,69.5
3178,70.5,69.5
3179,70.5,69.5
3180,70.5,69.5
3181,70.5,69.5
3182,70.5,69.5
3183,70.5,69.5
3184,70.5,69.5
3185,70.5,69.5
3186,70.5,69.5
3187,70.5,69.5
3188,70.5,69.5
3189,70.5,69.5
3190,70.5,69.5
3191,70.5,69.5
3192,70.5,69.5
3193,70.5,69.5
3194,70.5,69.5
3195,70.5,69.5
3196,70.5,69.5
3197,70.5,69.5
3198,70.5,69.5
3199,70.5,69.5
3200,70.5,69.5
3201,70.5,69.5
3202,70.5,69.5
3203,70.5,69.5
3204,70.5,69.5
3205,70.5,69.5
3206,70.5,69.5
3207,70.5,69.5
3208,70.5,69.5
3209,70.5,69.5
3210,70.5,69.5
3211,70.5,69.5
3212,70.5,69.5
3213,70.5,69.5
3214,70.5,69.5
3215,70.5,69.5
3216,71.5,69.5
3217,71.5,69.5
3218,71.5,69.5
3219,71.5,69.5
3220,71.5,69.5
3221,71.5,69.5
3222,71.5,69.5
3223,71.5,69.5
3224,71.5,69.5
3225,71.5,69.5
3226,71.5,69.5
3227,71.5,69.5
3228,71.5,69.5
3229,71.5,69.5
3230,71.5,69.5
3231,71.5,69.5
3232,71.5,69.5
3233,71.5,69.5
3234,71.5,69.5
3235,71.5,69.5
3236,71.5,69.5
3237,71.5,69.5
3238,71.5,69.5
3239,71.5,69.5
3240,71.5,69.5
3241,72.5,69.5
3242,72.5,69.5
3243,72.5,69.5
3244,72.5,69.5
3245,72.5,69.5
3246,72.5,69.5
3247,72.5,69.5
3248,72.5,69.5
3249,72.5,69.5
3250,72.5,69.5
3251,72.5,69.5
3252,72.5,69.5
3253,72.5,69.5
3254,72.5,69.5
3255,73.5,69.5
3256,73.5,69.5
3257,73.5,69.5
3258,73.5,69.5
3259,73.5,69.5
3260,73.5,69.5
3261,74.5,69.5
3262,74.5,69.5
3263,74.5,69.5
3264,74.5,69.5
3265,63.5,70.5
3266,63.5,70.5
3267,63.5,70.5
3268,63.5,70.5
3269,63.5,70.5
3270,63.5,70.5
3271,63.5,70.5
3272,63.5,70.5
3273,63.5,70.5
3274,63.5,70.5
3275,63.5,70.5
3276,63.5,70.5
3277,63.5,70.5
3278,64.5,70.5
3279,64.5,70.5
3280,64.5,70.5
3281,64.5,70.5
3282,64.5,70.5
3283,64.5,70.5
3284,64.5,70.5
3285,64.5,70.5
3286,64.5,70.5
3287,64.5,70.5
3288,64.5,70.5
3289,64.5,70.5
3290,64.5,70.5
3291,64.5,70.5
3292,64.5,70.5
3293,64.5,70.5
3294,64.5,70.5
3295,64.5,70.5
3296,64.5,70.5
3297,64.5,70.5
3298,65.5,70.5
3299,65.5,70.5
3300,65.5,70.5
3301,65.5,70.5
3302,65.5,70.5
3303,65.5,70.5
3304,65.5,70.5
3305,65.5,70.5
3306,65.5,70.5
3307,65.5,70.5
3308,65.5,70.5
3309,65.5,70.5
3310,65.5,70.5
3311,65.5,70.5
3312,65.5,70.5
3313,65.5,70.5
3314,65.5,70.5
3315,65.5,70.5
3316,65.5,70.5
3317,65.5,70.5
3318,65.5,70.5
3319,65.5,70.5
3320,65.5,70.5
3321,65.5,70.5
3322,65.5,70.5
3323,65.5,70.5
3324,65.5,70.5
3325,65.5,70.5
3326,65.5,70.5
3327,65.5,70.5
3328,65.5,70.5
3329,65.5,70.5
3330,65.5,70.5
3331,65.5,70.5
3332,65.5,70.5
3333,66.5,70.5
3334,66.5,70.5
3335,66.5,70.5
3336,66.5,70.5
3337,66.5,70.5
3338,66.5,70.5
3339,66.5,70.5
3340,66.5,70.5
3341,66.5,70.5
3342,66.5,70.5
3343,66.5,70.5
3344,66.5,70.5
3345,66.5,70.5
3346,66.5,70.5
3347,66.5,70.5
3348,66.5,70.5
3349,66.5,70.5
3350,66.5,70.5
3351,66.5,70.5
3352,66.5,70.5
3353,66.5,70.5
3354,66.5,70.5
3355,66.5,70.5
3356,66.5,70.5
3357,66.5,70.5
3358,66.5,70.5
3359,66.5,70.5
3360,66.5,70.5
3361,66.5,70.5
3362,66.5,70.5
3363,66.5,70.5
3364,66.5,70.5
3365,66.5,70.5
3366,66.5,70.5
3367,66.5,70.5
3368,66.5,70.5
3369,66.5,70.5
3370,66.5,70.5
3371,66.5,70.5
3372,66.5,70.5
3373,66.5,70.5
3374,66.5,70.5
3375,66.5,70.5
3376,67.5,70.5
3377,67.5,70.5
3378,67.5,70.5
3379,67.5,70.5
3380,67.5,70.5
3381,67.5,70.5
3382,67.5,70.5
3383,67.5,70.5
3384,67.5,70.5
3385,67.5,70.5
3386,67.5,70.5
3387,67.5,70.5
3388,67.5,70.5
3389,67.5,70.5
3390,67.5,70.5
3391,67.5,70.5
3392,67.5,70.5
3393,67.5,70.5
3394,67.5,70.5
3395,67.5,70.5
3396,67.5,70.5
3397,67.5,70.5
3398,67.5,70.5
3399,67.5,70.5
3400,67.5,70.5
3401,67.5,70.5
3402,67.5,70.5
3403,67.5,70.5
3404,67.5,70.5
3405,67.5,70.5
3406,67.5,70.5
3407,67.5,70.5
3408,67.5,70.5
3409,67.5,70.5
3410,67.5,70.5
3411,67.5,70.5
3412,67.5,70.5
3413,67.5,70.5
3414,67.5,70.5
3415,67.5,70.5
3416,67.5,70.5
3417,67.5,70.5
3418,67.5,70.5
3419,67.5,70.5
3420,67.5,70.5
3421,67.5,70.5
3422,67.5,70.5
3423,67.5,70.5
3424,67.5,70.5
3425,67.5,70.5
3426,67.5,70.5
3427,67.5,70.5
3428,67.5,70.5
3429,67.5,70.5
3430,67.5,70.5
3431,67.5,70.5
3432,67.5,70.5
3433,67.5,70.5
3434,67.5,70.5
3435,67.5,70.5
3436,67.5,70.5
3437,67.5,70.5
3438,67.5,70.5
3439,67.5,70.5
3440,67.5,70.5
3441,67.5,70.5
3442,67.5,70.5
3443,67.5,70.5
3444,67.5,70.5
3445,67.5,70.5
3446,67.5,70.5
3447,67.5,70.5
3448,67.5,70.5
3449,67.5,70.5
3450,67.5,70.5
3451,67.5,70.5
3452,68.5,70.5
3453,68.5,70.5
3454,68.5,70.5
3455,68.5,70.5
3456,68.5,70.5
3457,68.5,70.5
3458,68.5,70.5
3459,68.5,70.5
3460,68.5,70.5
3461,68.5,70.5
3462,68.5,70.5
3463,68.5,70.5
3464,68.5,70.5
3465,68.5,70.5
3466,68.5,70.5
3467,68.5,70.5
3468,68.5,70.5
3469,68.5,70.5
3470,68.5,70.5
3471,68.5,70.5
3472,68.5,70.5
3473,68.5,70.5
3474,68.5,70.5
3475,68.5,70.5
3476,68.5,70.5
3477,68.5,70.5
3478,68.5,70.5
3479,68.5,70.5
3480,68.5,70.5
3481,68.5,70.5
3482,68.5,70.5
3483,68.5,70.5
3484,68.5,70.5
3485,68.5,70.5
3486,68.5,70.5
3487,68.5,70.5
3488,68.5,70.5
3489,68.5,70.5
3490,68.5,70.5
3491,68.5,70.5
3492,68.5,70.5
3493,68.5,70.5
3494,68.5,70.5
3495,68.5,70.5
3496,68.5,70.5
3497,68.5,70.5
3498,68.5,70.5
3499,68.5,70.5
3500,68.5,70.5
3501,68.5,70.5
3502,68.5,70.5
3503,68.5,70.5
3504,68.5,70.5
3505,68.5,70.5
3506,68.5,70.5
3507,68.5,70.5
3508,68.5,70.5
3509,68.5,70.5
3510,68.5,70.5
3511,69.5,70.5
3512,69.5,70.5
3513,69.5,70.5
3514,69.5,70.5
3515,69.5,70.5
3516,69.5,70.5
3517,69.5,70.5
3518,69.5,70.5
3519,69.5,70.5
3520,69.5,70.5
3521,69.5,70.5
3522,69.5,70.5
3523,69.5,70.5
3524,69.5,70.5
3525,69.5,70.5
3526,69.5,70.5
3527,69.5,70.5
3528,69.5,70.5
3529,69.5,70.5
3530,69.5,70.5
3531,69.5,70.5
3532,69.5,70.5
3533,69.5,70.5
3534,69.5,70.5
3535,69.5,70.5
3536,69.5,70.5
3537,69.5,70.5
3538,69.5,70.5
3539,69.5,70.5
3540,69.5,70.5
3541,69.5,70.5
3542,69.5,70.5
3543,69.5,70.5
3544,69.5,70.5
3545,69.5,70.5
3546,69.5,70.5
3547,69.5,70.5
3548,69.5,70.5
3549,69.5,70.5
3550,69.5,70.5
3551,69.5,70.5
3552,69.5,70.5
3553,69.5,70.5
3554,69.5,70.5
3555,69.5,70.5
3556,69.5,70.5
3557,69.5,70.5
3558,69.5,70.5
3559,69.5,70.5
3560,69.5,70.5
3561,69.5,70.5
3562,69.5,70.5
3563,69.5,70.5
3564,69.5,70.5
3565,69.5,70.5
3566,69.5,70.5
3567,69.5,70.5
3568,69.5,70.5
3569,69.5,70.5
3570,69.5,70.5
3571,69.5,70.5
3572,69.5,70.5
3573,69.5,70.5
3574,69.5,70.5
3575,69.5,70.5
3576,69.5,70.5
3577,69.5,70.5
3578,69.5,70.5
3579,69.5,70.5
3580,69.5,70.5
3581,69.5,70.5
3582,69.5,70.5
3583,69.5,70.5
3584,69.5,70.5
3585,69.5,70.5
3586,69.5,70.5
3587,69.5,70.5
3588,69.5,70.5
3589,69.5,70.5
3590,69.5,70.5
3591,69.5,70.5
3592,69.5,70.5
3593,69.5,70.5
3594,70.5,70.5
3595,70.5,70.5
3596,70.5,70.5
3597,70.5,70.5
3598,70.5,70.5
3599,70.5,70.5
3600,70.5,70.5
3601,70.5,70.5
3602,70.5,70.5
3603,70.5,70.5
3604,70.5,70.5
3605,70.5,70.5
3606,70.5,70.5
3607,70.5,70.5
3608,70.5,70.5
3609,70.5,70.5
3610,70.5,70.5
3611,70.5,70.5
3612,70.5,70.5
3613,70.5,70.5
3614,70.5,70.5
3615,70.5,70.5
3616,70.5,70.5
3617,70.5,70.5
3618,70.5,70.5
3619,70.5,70.5
3620,70.5,70.5
3621,70.5,70.5
3622,70.5,70.5
3623,70.5,70.5
3624,70.5,70.5
3625,70.5,70.5
3626,70.5,70.5
3627,70.5,70.5
3628,70.5,70.5
3629,70.5,70.5
3630,70.5,70.5
3631,70.5,70.5
3632,70.5,70.5
3633,70.5,70.5
3634,70.5,70.5
3635,70.5,70.5
3636,70.5,70.5
3637,71.5,70.5
3638,71.5,70.5
3639,71.5,70.5
3640,71.5,70.5
3641,71.5,70.5
3642,71.5,70.5
3643,71.5,70.5
3644,71.5,70.5
3645,71.5,70.5
3646,71.5,70.5
3647,71.5,70.5
3648,71.5,70.5
3649,71.5,70.5
3650,71.5,70.5
3651,71.5,70.5
3652,71.5,70.5
3653,71.5,70.5
3654,71.5,70.5
3655,71.5,70.5
3656,71.5,70.5
3657,71.5,70.5
3658,71.5,70.5
3659,71.5,70.5
3660,71.5,70.5
3661,71.5,70.5
3662,71.5,70.5
3663,71.5,70.5
3664,71.5,70.5
3665,71.5,70.5
3666,71.5,70.5
3667,71.5,70.5
3668,71.5,70.5
3669,72.5,70.5
3670,72.5,70.5
3671,72.5,70.5
3672,72.5,70.5
3673,72.5,70.5
3674,72.5,70.5
3675,72.5,70.5
3676,72.5,70.5
3677,72.5,70.5
3678,72.5,70.5
3679,72.5,70.5
3680,72.5,70.5
3681,72.5,70.5
3682,72.5,70.5
3683,72.5,70.5
3684,72.5,70.5
3685,72.5,70.5
3686,72.5,70.5
3687,72.5,70.5
3688,72.5,70.5
3689,73.5,70.5
3690,73.5,70.5
3691,73.5,70.5
3692,73.5,70.5
3693,74.5,70.5
3694,74.5,70.5
3695,74.5,70.5
3696,74.5,70.5
3697,63.5,71.5
3698,64.5,71.5
3699,64.5,71.5
3700,64.5,71.5
3701,64.5,71.5
3702,64.5,71.5
3703,64.5,71.5
3704,64.5,71.5
3705,64.5,71.5
3706,64.5,71.5
3707,64.5,71.5
3708,64.5,71.5
3709,64.5,71.5
3710,65.5,71.5
3711,65.5,71.5
3712,65.5,71.5
3713,65.5,71.5
3714,65.5,71.5
3715,66.5,71.5
3716,66.5,71.5
3717,66.5,71.5
3718,66.5,71.5
3719,66.5,71.5
3720,66.5,71.5
3721,66.5,71.5
3722,66.5,71.5
3723,66.5,71.5
3724,66.5,71.5
3725,66.5,71.5
3726,66.5,71.5
3727,66.5,71.5
3728,66.5,71.5
3729,66.5,71.5
3730,66.5,71.5
3731,66.5,71.5
3732,66.5,71.5
3733,66.5,71.5
3734,66.5,71.5
3735,66.5,71.5
3736,66.5,71.5
3737,66.5,71.5
3738,66.5,71.5
3739,66.5,71.5
3740,66.5,71.5
3741,66.5,71.5
3742,66.5,71.5
3743,67.5,71.5
3744,67.5,71.5
3745,67.5,71.5
3746,67.5,71.5
3747,67.5,71.5
3748,67.5,71.5
3749,67.5,71.5
3750,67.5,71.5
3751,67.5,71.5
3752,67.5,71.5
3753,67.5,71.5
3754,67.5,71.5
3755,67.5,71.5
3756,67.5,71.5
3757,67.5,71.5
3758,67.5,71.5
3759,67.5,71.5
3760,67.5,71.5
3761,67.5,71.5
3762,67.5,71.5
3763,67.5,71.5
3764,67.5,71.5
3765,67.5,71.5
3766,67.5,71.5
3767,67.5,71.5
3768,67.5,71.5
3769,67.5,71.5
3770,67.5,71.5
3771,67.5,71.5
3772,67.5,71.5
3773,67.5,71.5
3774,68.5,71.5
3775,68.5,71.5
3776,68.5,71.5
3777,68.5,71.5
3778,68.5,71.5
3779,68.5,71.5
3780,68.5,71.5
3781,68.5,71.5
3782,68.5,71.5
3783,68.5,71.5
3784,68.5,71.5
3785,68.5,71.5
3786,68.5,71.5
3787,68.5,71.5
3788,68.5,71.5
3789,68.5,71.5
3790,68.5,71.5
3791,68.5,71.5
3792,68.5,71.5
3793,68.5,71.5
3794,68.5,71.5
3795,68.5,71.5
3796,68.5,71.5
3797,68.5,71.5
3798,68.5,71.5
3799,68.5,71.5
3800,68.5,71.5
3801,68.5,71.5
3802,68.5,71.5
3803,68.5,71.5
3804,68.5,71.5
3805,68.5,71.5
3806,68.5,71.5
3807,68.5,71.5
3808,68.5,71.5
3809,68.5,71.5
3810,68.5,71.5
3811,68.5,71.5
3812,68.5,71.5
3813,68.5,71.5
3814,68.5,71.5
3815,68.5,71.5
3816,68.5,71.5
3817,69.5,71.5
3818,69.5,71.5
3819,69.5,71.5
3820,69.5,71.5
3821,69.5,71.5
3822,69.5,71.5
3823,69.5,71.5
3824,69.5,71.5
3825,69.5,71.5
3826,69.5,71.5
3827,69.5,71.5
3828,69.5,71.5
3829,69.5,71.5
3830,69.5,71.5
3831,69.5,71.5
3832,69.5,71.5
3833,69.5,71.5
3834,69.5,71.5
3835,69.5,71.5
3836,69.5,71.5
3837,69.5,71.5
3838,69.5,71.5
3839,69.5,71.5
3840,69.5,71.5
3841,69.5,71.5
3842,69.5,71.5
3843,69.5,71.5
3844,69.5,71.5
3845,69.5,71.5
3846,69.5,71.5
3847,69.5,71.5
3848,69.5,71.5
3849,69.5,71.5
3850,69.5,71.5
3851,69.5,71.5
3852,69.5,71.5
3853,69.5,71.5
3854,69.5,71.5
3855,69.5,71.5
3856,69.5,71.5
3857,69.5,71.5
3858,69.5,71.5
3859,69.5,71.5
3860,69.5,71.5
3861,69.5,71.5
3862,70.5,71.5
3863,70.5,71.5
3864,70.5,71.5
3865,70.5,71.5
3866,70.5,71.5
3867,70.5,71.5
3868,70.5,71.5
3869,70.5,71.5
3870,70.5,71.5
3871,70.5,71.5
3872,70.5,71.5
3873,70.5,71.5
3874,70.5,71.5
3875,70.5,71.5
3876,70.5,71.5
3877,70.5,71.5
3878,70.5,71.5
3879,70.5,71.5
3880,70.5,71.5
3881,70.5,71.5
3882,70.5,71.5
3883,70.5,71.5
3884,70.5,71.5
3885,70.5,71.5
3886,70.5,71.5
3887,70.5,71.5
3888,70.5,71.5
3889,70.5,71.5
3890,70.5,71.5
3891,70.5,71.5
3892,70.5,71.5
3893,70.5,71.5
3894,70.5,71.5
3895,70.5,71.5
3896,70.5,71.5
3897,70.5,71.5
3898,70.5,71.5
3899,70.5,71.5
3900,70.5,71.5
3901,70.5,71.5
3902,71.5,71.5
3903,71.5,71.5
3904,71.5,71.5
3905,71.5,71.5
3906,71.5,71.5
3907,71.5,71.5
3908,71.5,71.5
3909,71.5,71.5
3910,71.5,71.5
3911,71.5,71.5
3912,71.5,71.5
3913,71.5,71.5
3914,71.5,71.5
3915,71.5,71.5
3916,71.5,71.5
3917,71.5,71.5
3918,71.5,71.5
3919,71.5,71.5
3920,71.5,71.5
3921,71.5,71.5
3922,71.5,71.5
3923,71.5,71.5
3924,71.5,71.5
3925,71.5,71.5
3926,71.5,71.5
3927,71.5,71.5
3928,71.5,71.5
3929,71.5,71.5
3930,71.5,71.5
3931,71.5,71.5
3932,71.5,71.5
3933,71.5,71.5
3934,71.5,71.5
3935,71.5,71.5
3936,72.5,71.5
3937,72.5,71.5
3938,72.5,71.5
3939,72.5,71.5
3940,72.5,71.5
3941,72.5,71.5
3942,72.5,71.5
3943,72.5,71.5
3944,72.5,71.5
3945,72.5,71.5
3946,72.5,71.5
3947,73.5,71.5
3948,73.5,71.5
3949,64.5,72.5
3950,64.5,72.5
3951,64.5,72.5
3952,65.5,72.5
3953,65.5,72.5
3954,65.5,72.5
3955,66.5,72.5
3956,66.5,72.5
3957,66.5,72.5
3958,66.5,72.5
3959,66.5,72.5
3960,66.5,72.5
3961,66.5,72.5
3962,66.5,72.5
3963,66.5,72.5
3964,66.5,72.5
3965,67.5,72.5
3966,67.5,72.5
3967,67.5,72.5
3968,67.5,72.5
3969,67.5,72.5
3970,67.5,72.5
3971,67.5,72.5
3972,67.5,72.5
3973,67.5,72.5
3974,67.5,72.5
3975,67.5,72.5
3976,67.5,72.5
3977,67.5,72.5
3978,67.5,72.5
3979,67.5,72.5
3980,67.5,72.5
3981,67.5,72.5
3982,67.5,72.5
3983,67.5,72.5
3984,67.5,72.5
3985,67.5,72.5
3986,67.5,72.5
3987,67.5,72.5
3988,67.5,72.5
3989,67.5,72.5
3990,67.5,72.5
3991,67.5,72.5
3992,67.5,72.5
3993,67.5,72.5
3994,67.5,72.5
3995,68.5,72.5
3996,68.5,72.5
3997,68.5,72.5
3998,68.5,72.5
3999,68.5,72.5
4000,68.5,72.5
4001,68.5,72.5
4002,68.5,72.5
4003,68.5,72.5
4004,68.5,72.5
4005,68.5,72.5
4006,68.5,72.5
4007,68.5,72.5
4008,68.5,72.5
4009,68.5,72.5
4010,68.5,72.5
4011,68.5,72.5
4012,68.5,72.5
4013,68.5,72.5
4014,68.5,72.5
4015,68.5,72.5
4016,68.5,72.5
4017,68.5,72.5
4018,68.5,72.5
4019,68.5,72.5
4020,68.5,72.5
4021,69.5,72.5
4022,69.5,72.5
4023,69.5,72.5
4024,69.5,72.5
4025,69.5,72.5
4026,69.5,72.5
4027,69.5,72.5
4028,69.5,72.5
4029,69.5,72.5
4030,69.5,72.5
4031,69.5,72.5
4032,69.5,72.5
4033,69.5,72.5
4034,69.5,72.5
4035,69.5,72.5
4036,69.5,72.5
4037,69.5,72.5
4038,69.5,72.5
4039,69.5,72.5
4040,69.5,72.5
4041,69.5,72.5
4042,69.5,72.5
4043,69.5,72.5
4044,69.5,72.5
4045,70.5,72.5
4046,70.5,72.5
4047,70.5,72.5
4048,70.5,72.5
4049,70.5,72.5
4050,70.5,72.5
4051,70.5,72.5
4052,70.5,72.5
4053,70.5,72.5
4054,70.5,72.5
4055,70.5,72.5
4056,70.5,72.5
4057,70.5,72.5
4058,70.5,72.5
4059,70.5,72.5
4060,70.5,72.5
4061,70.5,72.5
4062,70.5,72.5
4063,70.5,72.5
4064,70.5,72.5
4065,70.5,72.5
4066,70.5,72.5
4067,70.5,72.5
4068,70.5,72.5
4069,70.5,72.5
4070,70.5,72.5
4071,70.5,72.5
4072,70.5,72.5
4073,70.5,72.5
4074,70.5,72.5
4075,71.5,72.5
4076,71.5,72.5
4077,71.5,72.5
4078,71.5,72.5
4079,71.5,72.5
4080,71.5,72.5
4081,71.5,72.5
4082,71.5,72.5
4083,71.5,72.5
4084,71.5,72.5
4085,71.5,72.5
4086,71.5,72.5
4087,71.5,72.5
4088,71.5,72.5
4089,71.5,72.5
4090,71.5,72.5
4091,71.5,72.5
4092,71.5,72.5
4093,71.5,72.5
4094,71.5,72.5
4095,71.5,72.5
4096,71.5,72.5
4097,71.5,72.5
4098,71.5,72.5
4099,71.5,72.5
4100,72.5,72.5
4101,72.5,72.5
4102,72.5,72.5
4103,72.5,72.5
4104,72.5,72.5
4105,72.5,72.5
4106,72.5,72.5
4107,72.5,72.5
4108,72.5,72.5
4109,72.5,72.5
4110,72.5,72.5
4111,72.5,72.5
4112,72.5,72.5
4113,73.5,72.5
4114,73.5,72.5
4115,74.5,72.5
4116,74.5,72.5
4117,62.5,73.5
4118,62.5,73.5
4119,62.5,73.5
4120,62.5,73.5
4121,64.5,73.5
4122,64.5,73.5
4123,64.5,73.5
4124,64.5,73.5
4125,64.5,73.5
4126,64.5,73.5
4127,65.5,73.5
4128,65.5,73.5
4129,65.5,73.5
4130,65.5,73.5
4131,65.5,73.5
4132,65.5,73.5
4133,67.5,73.5
4134,67.5,73.5
4135,67.5,73.5
4136,67.5,73.5
4137,67.5,73.5
4138,67.5,73.5
4139,67.5,73.5
4140,67.5,73.5
4141,67.5,73.5
4142,67.5,73.5
4143,67.5,73.5
4144,67.5,73.5
4145,67.5,73.5
4146,67.5,73.5
4147,67.5,73.5
4148,67.5,73.5
4149,67.5,73.5
4150,67.5,73.5
4151,67.5,73.5
4152,67.5,73.5
4153,67.5,73.5
4154,68.5,73.5
4155,68.5,73.5
4156,68.5,73.5
4157,68.5,73.5
4158,68.5,73.5
4159,68.5,73.5
4160,68.5,73.5
4161,68.5,73.5
4162,68.5,73.5
4163,69.5,73.5
4164,69.5,73.5
4165,69.5,73.5
4166,69.5,73.5
4167,69.5,73.5
4168,69.5,73.5
4169,69.5,73.5
4170,69.5,73.5
4171,69.5,73.5
4172,69.5,73.5
4173,70.5,73.5
4174,70.5,73.5
4175,70.5,73.5
4176,70.5,73.5
4177,70.5,73.5
4178,70.5,73.5
4179,70.5,73.5
4180,70.5,73.5
4181,70.5,73.5
4182,70.5,73.5
4183,70.5,73.5
4184,70.5,73.5
4185,70.5,73.5
4186,70.5,73.5
4187,70.5,73.5
4188,70.5,73.5
4189,70.5,73.5
4190,70.5,73.5
4191,70.5,73.5
4192,70.5,73.5
4193,70.5,73.5
4194,70.5,73.5
4195,70.5,73.5
4196,70.5,73.5
4197,70.5,73.5
4198,70.5,73.5
4199,71.5,73.5
4200,71.5,73.5
4201,71.5,73.5
4202,71.5,73.5
4203,71.5,73.5
4204,71.5,73.5
4205,71.5,73.5
4206,71.5,73.5
4207,71.5,73.5
4208,71.5,73.5
4209,71.5,73.5
4210,71.5,73.5
4211,71.5,73.5
4212,72.5,73.5
4213,72.5,73.5
4214,72.5,73.5
4215,72.5,73.5
4216,72.5,73.5
4217,72.5,73.5
4218,72.5,73.5
4219,72.5,73.5
4220,72.5,73.5
4221,72.5,73.5
4222,72.5,73.5
4223,72.5,73.5
4224,72.5,73.5
4225,74.5,73.5
4226,74.5,73.5
4227,74.5,73.5
4228,74.5,73.5
4229,74.5,73.5
4230,74.5,73.5
4231,74.5,73.5
4232,74.5,73.5
4233,67.5,74.5
4234,67.5,74.5
4235,67.5,74.5
4236,67.5,74.5
4237,68.5,74.5
4238,68.5,74.5
4239,68.5,74.5
4240,68.5,74.5
4241,68.5,74.5
4242,68.5,74.5
4243,68.5,74.5
4244,68.5,74.5
4245,70.5,74.5
4246,70.5,74.5
4247,70.5,74.5
4248,70.5,74.5
4249,70.5,74.5
4250,70.5,74.5
4251,70.5,74.5
4252,70.5,74.5
4253,70.5,74.5
4254,70.5,74.5
4255,71.5,74.5
4256,71.5,74.5
4257,71.5,74.5
4258,72.5,74.5
4259,72.5,74.5
4260,72.5,74.5
4261,72.5,74.5
4262,72.5,74.5
4263,72.5,74.5
4264,72.5,74.5
4265,73.5,74.5
4266,73.5,74.5
4267,67.5,75.5
4268,67.5,75.5
4269,67.5,75.5
4270,67.5,75.5
4271,67.5,75.5
4272,68.5,75.5
4273,70.5,75.5
4274,70.5,75.5
4275,71.5,75.5
4276,71.5,75.5
4277,71.5,75.5
4278,71.5,75.5
4279,72.5,75.5
4280,72.5,75.5
4281,72.5,75.5
4282,72.5,75.5
4283,67.5,76.5
4284,67.5,76.5
4285,67.5,76.5
4286,67.5,76.5
4287,67.5,76.5
4288,68.5,76.5
4289,69.5,76.5
4290,69.5,76.5
4291,69.5,76.5
4292,69.5,76.5
4293,72.5,76.5
4294,72.5,76.5
4295,72.5,76.5
4296,72.5,76.5
4297,72.5,76.5
4298,72.5,76.5
4299,68.5,77.5
4300,68.5,77.5
4301,68.5,77.5
4302,68.5,77.5
4303,69.5,77.5
4304,69.5,77.5
4305,69.5,77.5
4306,69.5,77.5
4307,71.5,77.5
4308,72.5,77.5
4309,72.5,77.5
4310,72.5,77.5
4311,71.5,78.5
4312,72.5,78.5
